1,0.0243863,0
4,0.0132935,0.2
7,0.0120215,0.4
10,0.0206289,0.6
13,0.0234304,0.8
16,0.0239415,1
19,0.0255608,1.2
22,0.0138827,1.4
25,0.0250497,1.6
28,0.0367356,1.8
31,0.039381,2
34,0.043314,2.2
37,0.0435911,2.4
40,0.0466384,2.6
43,0.0446094,2.8
46,0.0421279,3
49,0.0362166,3.2
52,0.028971,3.4
55,0.0251823,3.6
58,0.0300908,3.8
61,0.0300167,4
64,0.0219516,4.2
67,0.0241834,4.4
70,0.0188965,4.6
73,0.0345467,4.8
76,0.0393108,5
79,0.0432087,5.2
82,0.0408052,5.4
85,0.0426429,5.6
88,0.030399,5.8
91,0.03823,6
94,0.0393108,6.2
97,0.0414802,6.4
100,0.0444612,6.6
103,0.0453859,6.8
106,0.0493814,7
109,0.0524872,7.2
112,0.0512581,7.4
115,0.0597329,7.6
118,0.0648833,7.8
121,0.0678135,8
124,0.0701663,8.2
127,0.0700688,8.4
130,0.0781455,8.6
133,0.0804632,8.8
136,0.0776734,9
139,0.0616487,9.2
142,0.0722109,9.4
145,0.0666586,9.6
148,0.064177,9.8
151,0.0704356,10
154,0.0660889,10.2
157,0.057501,10.4
160,0.0685822,10.6
163,0.0755118,10.8
166,0.0567168,11
169,0.0686719,11.2
172,0.0550507,11.4
175,0.0536031,11.6
178,0.0442856,11.8
181,0.0484293,12
184,0.0469388,12.2
187,0.0315774,12.4
190,0.0171446,12.6
193,0.0172187,12.8
196,0.0288227,13
199,0.0161457,13.2
202,0.0152288,13.4
205,0.014663,13.6
208,0.0130945,13.8
211,0.030044,14
214,0.0145772,14.2
217,0.0193764,14.4
220,0.0478597,14.6
223,0.0125677,14.8
226,0.0238323,15
229,0.0144562,15.2
232,0.0137851,15.4
235,0.0163369,15.6
238,0.0148347,15.8
241,0.0112372,16
244,0.0116508,16.2
247,0.00699986,16.4
250,0.00869324,16.6
253,0.00611414,16.8
256,0.00545084,17
259,0.00564202,17.2
262,0.0168012,17.4
265,0.0143899,17.6
268,0.0123766,17.8
271,0.0393888,18
274,0.0109212,18.2
277,0.00739394,18.4
280,0.0106285,18.6
283,0.0170978,18.8
286,0.0247414,19
289,0.0244098,19.2
292,0.0220296,19.4
295,0.0203285,19.6
298,0.014066,19.8
301,0.00705838,20
304,0.00544693,20.2
307,0.00490848,20.4
310,0.00375745,20.6
313,0.00353114,20.8
316,0.00298489,21
319,0.0305551,21.2
322,0.0407427,21.4
325,0.0208747,21.6
328,0.0185375,21.8
331,0.0300284,22
334,0.00456903,22.2
337,0.00853327,22.4
340,0.00804164,22.6
343,0.00917707,22.8
346,0.00865813,23
349,0.0132896,23.2
352,0.0129189,23.4
355,0.013828,23.6
358,0.0156814,23.8
361,0.0158023,24
364,0.0173787,24.2
367,0.018795,24.4
370,0.0193413,24.6
373,0.0202972,24.8
376,0.0208708,25
379,0.0213585,25.2
382,0.0219711,25.4
385,0.018042,25.6
388,0.0193452,25.8
391,0.0204026,26
394,0.0195949,26.2
397,0.0200592,26.4
400,0.0200475,26.6
403,0.0206289,26.8
406,0.0220726,27
409,0.0214444,27.2
412,0.0293377,27.4
415,0.0269459,27.6
418,0.0308438,27.8
421,0.043076,28
424,0.0522297,28.2
427,0.0582424,28.4
430,0.0618633,28.6
433,0.0633928,28.8
436,0.0601153,29
439,0.0641614,29.2
442,0.0728898,29.4
445,0.0760113,29.6
448,0.0754182,29.8
451,0.0801121,30
454,0.0858594,30.2
457,0.0912439,30.4
460,0.0962109,30.6
463,0.101748,30.8
466,0.108923,31
469,0.117242,31.2
472,0.113118,31.4
475,0.108751,31.6
478,0.107316,31.8
481,0.101268,32
484,0.0885283,32.2
487,0.0960393,32.4
490,0.0704785,32.6
493,0.103905,32.8
496,0.102165,33
499,0.00865423,33.2
502,0.00703887,33.4
505,0.0125092,33.6
508,0.0244019,33.8
511,0.0340199,34
514,0.0329625,34.2
517,0.0334659,34.4
520,0.0359162,34.6
523,0.0377579,34.8
526,0.0387567,35
529,0.0404306,35.2
532,0.0440242,35.4
535,0.0448592,35.6
538,0.0487883,35.8
541,0.0525457,36
544,0.0597095,36.2
547,0.0596705,36.4
550,0.060084,36.6
553,0.0677784,36.8
556,0.0537865,37
559,0.0651057,37.2
562,0.0706346,37.4
565,0.0985013,37.6
568,0.0227749,37.8
571,0.0127941,38
574,0.0184517,38.2
577,0.0234148,38.4
580,0.0221974,38.6
583,0.0347222,38.8
586,0.036244,39
589,0.0356977,39.2
592,0.0444261,39.4
595,0.0514922,39.6
598,0.0509733,39.8
601,0.0543562,40
604,0.0584999,40.2
607,0.0597212,40.4
610,0.068512,40.6
613,0.0744388,40.8
616,0.0760269,41
619,0.0838266,41.2
622,0.0846772,41.4
625,0.0813372,41.6
628,0.0875879,41.8
631,0.0796126,42
634,0.0767526,42.2
637,0.0543328,42.4
640,0.056233,42.6
643,0.0583633,42.8
646,0.0527798,43
649,0.0455537,43.2
652,0.0500447,43.4
655,0.0550078,43.6
658,0.0608527,43.8
661,0.0630065,44
664,0.064376,44.2
667,0.0664245,44.4
670,0.0849776,44.6
673,0.0733502,44.8
676,0.0787815,45
679,0.0822229,45.2
682,0.0836939,45.4
685,0.0770686,45.6
688,0.0835066,45.8
691,0.0874319,46
694,0.136478,46.2
697,0.0885517,46.4
700,0.0996875,46.6
703,0.0845367,46.8
706,0.033778,47
709,0.0458853,47.2
712,0.0391859,47.4
715,0.00399156,47.6
718,0.0474031,47.8
721,0.0429317,48
724,0.0599397,48.2
727,0.0499315,48.4
730,0.0585038,48.6
733,0.0466072,48.8
736,0.00468998,49
739,0.00654725,49.2
742,0.0269537,49.4
745,0.0505168,49.6
748,0.00553668,49.8
751,0.012357,50
754,0.00664089,50.2
757,0.00813138,50.4
760,0.0241991,50.6
763,0.0103593,50.8
766,0.0149205,51
769,0.0174333,51.2
772,0.0154044,51.4
775,0.0457683,51.6
778,0.00439344,51.8
781,0.00801433,52
784,0.00303561,52.2
787,0.00897808,52.4
790,0.00844743,52.6
793,0.0157555,52.8
796,0.0165554,53
799,0.0200007,53.2
802,0.0255998,53.4
805,0.028573,53.6
808,0.0327713,53.8
811,0.0421396,54
814,0.0362166,54.2
817,0.0609698,54.4
820,0.0420889,54.6
823,0.0211205,54.8
826,0.0171485,55
829,0.0175894,55.2
832,0.00748368,55.4
835,0.0102267,55.6
838,0.0192359,55.8
841,0.0225798,56
844,0.0605445,56.2
847,0.0183854,56.4
850,0.0148737,56.6
853,0.0177728,56.8
856,0.0192672,57
859,0.014823,57.2
862,0.0195871,57.4
865,0.0233602,57.6
868,0.0185063,57.8
871,0.044668,58
874,0.028335,58.2
877,0.0302859,58.4
880,0.0175387,58.6
883,0.0102891,58.8
886,0.0144289,59
889,0.0110421,59.2
892,0.0113153,59.4
895,0.00737443,59.6
898,0.0143977,59.8
901,0.011803,60
904,0.0592998,60.2
907,0.0123453,60.4
910,0.0111007,60.6
913,0.011682,60.8
916,0.00721836,61
919,0.00549376,61.2
922,0.0110421,61.4
925,0.00563032,61.6
928,0.00217331,61.8
931,0.0786021,62
934,0.00667601,62.2
937,0.0110577,62.4
940,0.0144055,62.6
943,0.0148815,62.8
946,0.0207108,63
949,0.0205274,63.2
952,0.0269459,63.4
955,0.0581409,63.6
958,0.0233641,63.8
961,0.0180576,64
964,0.0243902,64.2
967,0.0236996,64.4
970,0.00228256,64.6
973,0.018756,64.8
976,0.0115065,65
979,0.02146,65.2
982,0.0178781,65.4
985,0.0217721,65.6
988,0.0183775,65.8
991,0.0129033,66
994,0.00829526,66.2
997,0.00669161,66.4
1000,0.0176011,66.6
1003,0.0101954,66.8
1006,0.0396034,67
1009,0.016454,67.2
1012,0.0190252,67.4
1015,0.0189628,67.6
1018,0.0216082,67.8
1021,0.0206796,68
1024,0.0243005,68.2
1027,0.0217838,68.4
1030,0.0220492,68.6
1033,0.0233133,68.8
1036,0.0284793,69
1039,0.0239532,69.2
1042,0.0280579,69.4
1045,0.0223808,69.6
1048,0.019431,69.8
1051,0.0226539,70
1054,0.0239767,70.2
1057,0.0209645,70.4
1060,0.0202816,70.6
1063,0.0223535,70.8
1066,0.0151781,71
1069,0.017246,71.2
1072,0.0170236,71.4
1075,0.0195325,71.6
1078,0.0152405,71.8
1081,0.0216629,72
1084,0.0183971,72.2
1087,0.0258222,72.4
1090,0.0170158,72.6
1093,0.0187092,72.8
1096,0.0173943,73
1099,0.0180069,73.2
1102,0.022256,73.4
1105,0.0189706,73.6
1108,0.0206211,73.8
1111,0.019431,74
1114,0.0212766,74.2
1117,0.0181747,74.4
1120,0.0206289,74.6
1123,0.0236957,74.8
1126,0.016173,75
1129,0.0217019,75.2
1132,0.021659,75.4
1135,0.0238479,75.6
1138,0.0149791,75.8
1141,0.0171368,76
1144,0.0143041,76.2
1147,0.011963,76.4
1150,0.0155175,76.6
1153,0.0159155,76.8
1156,0.0176284,77
1159,0.0247336,77.2
1162,0.0170626,77.4
1165,0.0260875,77.6
1168,0.0277614,77.8
1171,0.0228958,78
1174,0.0233329,78.2
1177,0.0236684,78.4
1180,0.0230831,78.6
1183,0.0247375,78.8
1186,0.0194584,79
1189,0.0235904,79.2
1192,0.0195832,79.4
1195,0.0178274,79.6
1198,0.0202582,79.8
1201,0.0120176,80
1204,0.012716,80.2
1207,0.0157126,80.4
1210,0.0272308,80.6
1213,0.0126458,80.8
1216,0.0132389,81
1219,0.0159506,81.2
1222,0.016212,81.4
1225,0.0162276,81.6
1228,0.0196612,81.8
1231,0.0224315,82
1234,0.0275156,82.2
1237,0.0261461,82.4
1240,0.0280228,82.6
1243,0.0264621,82.8
1246,0.0265636,83
1249,0.0263099,83.2
1252,0.020348,83.4
1255,0.0295641,83.6
1258,0.0198875,83.8
1261,0.0332591,84
1264,0.0148035,84.2
1267,0.0191696,84.4
1270,0.0182332,84.6
1273,0.0184361,84.8
1276,0.0241015,85
1279,0.0253228,85.2
1282,0.0283857,85.4
1285,0.0256154,85.6
1288,0.0237621,85.8
1291,0.0220296,86
1294,0.0212142,86.2
1297,0.0322446,86.4
1300,0.0218814,86.6
1303,0.0182332,86.8
1306,0.0215692,87
1309,0.0211556,87.2
1312,0.0231456,87.4
1315,0.0201373,87.6
1318,0.0208279,87.8
1321,0.0188965,88
1324,0.019193,88.2
1327,0.0125951,88.4
1330,0.0144211,88.6
1333,0.0196729,88.8
1336,0.0350305,89
1339,0.0440788,89.2
1342,0.0290373,89.4
1345,0.0298411,89.6
1348,0.0239376,89.8
1351,0.0234577,90
1354,0.0252447,90.2
1357,0.0267547,90.4
1360,0.026981,90.6
1363,0.0267469,90.8
1366,0.0289827,91
1369,0.0263177,91.2
1372,0.026427,91.4
1375,0.0259276,91.6
1378,0.0276834,91.8
1381,0.0306136,92
1384,0.0289085,92.2
1387,0.0314876,92.4
1390,0.0256505,92.6
1393,0.0235748,92.8
1396,0.0172772,93
1399,0.0174294,93.2
1402,0.0123219,93.4
1405,0.0152873,93.6
1408,0.0170939,93.8
1411,0.0204611,94
1414,0.0175777,94.2
1417,0.0144445,94.4
1420,0.0292441,94.6
1423,0.0106207,94.8
1426,0.0634825,95
1429,0.0334854,95.2
1432,0.0156814,95.4
1435,0.0204104,95.6
1438,0.10302,95.8
1441,0.108178,96
1444,0.136747,96.2
1447,0.190631,96.4
1450,0.191961,96.6
1453,0.198743,96.8
1456,0.22007,97
1459,0.219083,97.2
1462,0.214186,97.4
1465,0.224077,97.6
1468,0.216001,97.8
1471,0.137937,98
1474,0.259065,98.2
1477,0.20767,98.4
1480,0.202867,98.6
1483,0.234437,98.8
1486,0.216321,99
1489,0.0891565,99.2
1492,0.0713408,99.4
1495,0.257664,99.6
1498,0.202356,99.8
1501,0.195836,100
1504,0.282749,100.2
1507,0.212949,100.4
1510,0.284801,100.6
1513,0.196023,100.8
1516,0.274871,101
1519,0.306093,101.2
1522,0.279483,101.4
1525,0.234206,101.6
1528,0.100636,101.8
1531,0.179175,102
1534,0.213113,102.2
1537,0.155522,102.4
1540,0.256892,102.6
1543,0.282523,102.8
1546,0.284044,103
1549,0.306511,103.2
1552,0.264902,103.4
1555,0.278551,103.6
1558,0.253247,103.8
1561,0.174825,104
1564,0.223933,104.2
1567,0.179327,104.4
1570,0.316617,104.6
1573,0.266225,104.8
1576,0.126961,105
1579,0.279858,105.2
1582,0.316195,105.4
1585,0.292808,105.6
1588,0.212633,105.8
1591,0.300526,106
1594,0.251581,106.2
1597,0.314404,106.4
1600,0.342478,106.6
1603,0.33046,106.8
1606,0.297162,107
1609,0.376424,107.2
1612,0.389584,107.4
1615,0.314034,107.6
1618,0.386568,107.8
1621,0.383841,108
1624,0.289854,108.2
1627,0.388515,108.4
1630,0.359123,108.6
1633,0.368183,108.8
1636,0.364886,109
1639,0.328798,109.2
1642,0.332961,109.4
1645,0.335185,109.6
1648,0.329848,109.8
1651,0.295438,110
1654,0.328295,110.2
1657,0.323648,110.4
1660,0.338116,110.6
1663,0.325064,110.8
1666,0.318045,111
1669,0.320152,111.2
1672,0.313413,111.4
1675,0.30234,111.6
1678,0.294326,111.8
1681,0.29234,112
1684,0.293405,112.2
1687,0.253267,112.4
1690,0.278465,112.6
1693,0.232415,112.8
1696,0.256341,113
1699,0.23828,113.2
1702,0.247757,113.4
1705,0.24162,113.6
1708,0.138577,113.8
1711,0.0116274,114
1714,0.208318,114.2
1717,0.217702,114.4
1720,0.209851,114.6
1723,0.165199,114.8
1726,0.13926,115
1729,0.14878,115.2
1732,0.146833,115.4
1735,0.162198,115.6
1738,0.194775,115.8
1741,0.193249,116
1744,0.152346,116.2
1747,0.172991,116.4
1750,0.172164,116.6
1753,0.172374,116.8
1756,0.168184,117
1759,0.131534,117.2
1762,0.0479182,117.4
1765,0.179468,117.6
1768,0.152003,117.8
1771,0.156357,118
1774,0.169011,118.2
1777,0.15354,118.4
1780,0.16708,118.6
1783,0.175277,118.8
1786,0.168414,119
1789,0.168055,119.2
1792,0.17731,119.4
1795,0.180295,119.6
1798,0.138436,119.8
1801,0.142888,120
1804,0.150181,120.2
1807,0.148975,120.4
1810,0.151324,120.6
1813,0.166487,120.8
1816,0.159401,121
1819,0.18779,121.2
1822,0.197814,121.4
1825,0.19934,121.6
1828,0.21316,121.8
1831,0.217909,122
1834,0.208763,122.2
1837,0.185028,122.4
1840,0.204264,122.6
1843,0.148491,122.8
1846,0.19186,123
1849,0.168941,123.2
1852,0.171157,123.4
1855,0.14727,123.6
1858,0.125857,123.8
1861,0.121132,124
1864,0.116594,124.2
1867,0.0972996,124.4
1870,0.0936748,124.6
1873,0.0903465,124.8
1876,0.0825195,125
1879,0.0909006,125.2
1882,0.0901436,125.4
1885,0.110055,125.6
1888,0.0861013,125.8
1891,0.10181,126
1894,0.109227,126.2
1897,0.110527,126.4
1900,0.116742,126.6
1903,0.153849,126.8
1906,0.170025,127
1909,0.171153,127.2
1912,0.159846,127.4
1915,0.150575,127.6
1918,0.143696,127.8
1921,0.0716802,128
1924,0.120582,128.2
1927,0.133984,128.4
1930,0.115669,128.6
1933,0.110183,128.8
1936,0.10238,129
1939,0.0944785,129.2
1942,0.0797531,129.4
1945,0.0896052,129.6
1948,0.0866749,129.8
1951,0.0409691,130
1954,0.0444417,130.2
1957,0.0522375,130.4
1960,0.0474305,130.6
1963,0.0335439,130.8
1966,0.0328182,131
1969,0.0301532,131.2
1972,0.0158453,131.4
1975,0.0101213,131.6
1978,0.00842402,131.8
1981,0.00907172,132
1984,0.00885712,132.2
1987,0.0134496,132.4
1990,0.0128877,132.6
1993,0.00632484,132.8
1996,0.0185687,133
1999,0.0154083,133.2
2002,0.0154278,133.4
2005,0.0247258,133.6
2008,0.0150805,133.8
2011,0.0361737,134
2014,0.0412851,134.2
2017,0.0293065,134.4
2020,0.00927852,134.6
2023,0.0356236,134.8
2026,0.0393966,135
2029,0.0561471,135.2
2032,0.0621637,135.4
2035,0.0698503,135.6
2038,0.0577273,135.8
2041,0.0683793,136
2044,0.0505948,136.2
2047,0.070061,136.4
2050,0.0822698,136.6
2053,0.0671853,136.8
2056,0.0330835,137
2059,0.0226578,137.2
2062,0.0176323,137.4
2065,0.0188458,137.6
2068,0.0275741,137.8
2071,0.0231417,138
2074,0.028932,138.2
2077,0.0196847,138.4
2080,0.0127394,138.6
2083,0.0119474,138.8
2086,0.0297123,139
2089,0.028495,139.2
2092,0.00985208,139.4
2095,0.0240703,139.6
2098,0.00462755,139.8
2101,0.00671892,140
2104,0.015299,140.2
2107,0.0183814,140.4
2110,0.0225252,140.6
2113,0.0236801,140.8
2116,0.02162,141
2119,0.0269693,141.2
2122,0.0401458,141.4
2125,0.0567636,141.6
2128,0.0713291,141.8
2131,0.0694718,142
2134,0.0740447,142.2
2137,0.0839671,142.4
2140,0.0893945,142.6
2143,0.0978458,142.8
2146,0.0965582,143
2149,0.107873,143.2
2152,0.114214,143.4
2155,0.112716,143.6
2158,0.119887,143.8
2161,0.117651,144
2164,0.126259,144.2
2167,0.124948,144.4
2170,0.126216,144.6
2173,0.120453,144.8
2176,0.0645984,145
2179,0.105349,145.2
2182,0.0732058,145.4
2185,0.0747237,145.6
2188,0.0516717,145.8
2191,0.0487883,146
2194,0.0395449,146.2
2197,0.0188146,146.4
2200,0.0380895,146.6
2203,0.0286276,146.8
2206,0.0226383,147
2209,0.0179054,147.2
2212,0.0146786,147.4
2215,0.00677355,147.6
2218,0.00362869,147.8
2221,0.00789337,148
2224,0.00669942,148.2
2227,0.00529476,148.4
2230,0.0116313,148.6
2233,0.00597368,148.8
2236,0.0118693,149
2239,0.00844353,149.2
2242,0.00800652,149.4
2245,0.0142143,149.6
2248,0.00843963,149.8
2251,0.0125716,150
2254,0.011046,150.2
2257,0.0119357,150.4
2260,0.0174645,150.6
2263,0.0238362,150.8
2266,0.0181122,151
2269,0.0138905,151.2
2272,0.025592,151.4
2275,0.032545,151.6
2278,0.0364976,151.8
2281,0.0516912,152
2284,0.0499588,152.2
2287,0.0585311,152.4
2290,0.055753,152.6
2293,0.0673531,152.8
2296,0.0613365,153
2299,0.0547034,153.2
2302,0.0550663,153.4
2305,0.0584375,153.6
2308,0.0630533,153.8
2311,0.062312,154
2314,0.0624056,154.2
2317,0.0762141,154.4
2320,0.0756484,154.6
2323,0.0710286,154.8
2326,0.0509772,155
2329,0.0643331,155.2
2332,0.0576259,155.4
2335,0.0462287,155.6
2338,0.0369619,155.8
2341,0.033778,156
2344,0.0322251,156.2
2347,0.0325841,156.4
2350,0.0283155,156.6
2353,0.0242264,156.8
2356,0.0193062,157
2359,0.0104413,157.2
2362,0.00534939,157.4
2365,0.0170431,157.6
2368,0.0149986,157.8
2371,0.0165203,158
2374,0.0150571,158.2
2377,0.0144289,158.4
2380,0.0151273,158.6
2383,0.0233758,158.8
2386,0.0295328,159
2389,0.0434272,159.2
2392,0.0573333,159.4
2395,0.0581644,159.6
2398,0.0623081,159.8
2401,0.0554838,160
2404,0.0575557,160.2
2407,0.0506182,160.4
2410,0.0424361,160.6
2413,0.0484488,160.8
2416,0.0355416,161
2419,0.0358967,161.2
2422,0.0282179,161.4
2425,0.0215731,161.6
2428,0.0182839,161.8
2431,0.00856839,162
2434,0.00435833,162.2
2437,0.0125248,162.4
2440,0.0160716,162.6
2443,0.0216122,162.8
2446,0.018241,163
2449,0.0215341,163.2
2452,0.0230441,163.4
2455,0.0250418,163.6
2458,0.0158999,163.8
2461,0.0170626,164
2464,0.0330952,164.2
2467,0.0328338,164.4
2470,0.0341916,164.6
2473,0.0301883,164.8
2476,0.0160989,165
2479,0.0284364,165.2
2482,0.0166607,165.4
2485,0.0152912,165.6
2488,0.0142221,165.8
2491,0.0157243,166
2494,0.0114167,166.2
2497,0.0127589,166.4
2500,0.0167661,166.6
2503,0.0173865,166.8
2506,0.0192867,167
2509,0.0235045,167.2
2512,0.0317452,167.4
2515,0.042163,167.6
2518,0.0586443,167.8
2521,0.061516,168
2524,0.0535758,168.2
2527,0.0440242,168.4
2530,0.0524755,168.6
2533,0.0690153,168.8
2536,0.0515313,169
2539,0.0679033,169.2
2542,0.0715125,169.4
2545,0.0675833,169.6
2548,0.0775564,169.8
2551,0.0770413,170
2554,0.0883566,170.2
2557,0.0685432,170.4
2560,0.0627334,170.6
2563,0.0541143,170.8
2566,0.0387762,171
2569,0.0288695,171.2
2572,0.017644,171.4
2575,0.00239181,171.6
2578,0.00982477,171.8
2581,0.0177572,172
2584,0.00897808,172.2
2587,0.02615,172.4
2590,0.0152405,172.6
2593,0.0132623,172.8
2596,0.0112216,173
2599,0.011327,173.2
2602,0.0102384,173.4
2605,0.00952823,173.6
2608,0.00694523,173.8
2611,0.0351046,174
2614,0.0172499,174.2
2617,0.00566934,174.4
2620,0.011483,174.6
2623,0.00187287,174.8
2626,0.00181044,175
2629,0.00982087,175.2
2632,0.0162433,175.4
2635,0.0179874,175.6
2638,0.0181239,175.8
2641,0.0260446,176
2644,0.022732,176.2
2647,0.0580434,176.4
2650,0.075504,176.6
2653,0.0896208,176.8
2656,0.103671,177
2659,0.10659,177.2
2662,0.115576,177.4
2665,0.119009,177.6
2668,0.11151,177.8
2671,0.117889,178
2674,0.122181,178.2
2677,0.134187,178.4
2680,0.133438,178.6
2683,0.127129,178.8
2686,0.0933665,179
2689,0.116461,179.2
2692,0.112095,179.4
2695,0.0948999,179.6
2698,0.0829253,179.8
2701,0.0728625,180
2704,0.0675014,180.2
2707,0.0514142,180.4
2710,0.0168597,180.6
2713,0.0415894,180.8
2716,0.0414646,181
2719,0.0431424,181.2
2722,0.0475592,181.4
2725,0.0545786,181.6
2728,0.0568924,181.8
2731,0.00919268,182
2734,0.0182839,182.2
2737,0.0247453,182.4
2740,0.026306,182.6
2743,0.0254086,182.8
2746,0.0223184,183
2749,0.0280619,183.2
2752,0.028097,183.4
2755,0.0304537,183.6
2758,0.0377618,183.8
2761,0.0235943,184
2764,0.0295953,184.2
2767,0.0339068,184.4
2770,0.0399117,184.6
2773,0.0483825,184.8
2776,0.0544966,185
2779,0.0697059,185.2
2782,0.0780714,185.4
2785,0.0734712,185.6
2788,0.0774276,185.8
2791,0.0794761,186
2794,0.0616994,186.2
2797,0.0806349,186.4
2800,0.0788245,186.6
2803,0.0679657,186.8
2806,0.0603845,187
2809,0.0377696,187.2
2812,0.0340316,187.4
2815,0.0171602,187.6
2818,0.0255491,187.8
2821,0.0208825,188
2824,0.0178898,188.2
2827,0.020625,188.4
2830,0.017328,188.6
2833,0.0167934,188.8
2836,0.0228919,189
2839,0.0203948,189.2
2842,0.0225213,189.4
2845,0.0229271,189.6
2848,0.016731,189.8
2851,0.0199188,190
2854,0.0166217,190.2
2857,0.0228334,190.4
2860,0.017566,190.6
2863,0.0101837,190.8
2866,0.0205079,191
2869,0.0268016,191.2
2872,0.0241834,191.4
2875,0.0216473,191.6
2878,0.0233641,191.8
2881,0.0192438,192
2884,0.0245892,192.2
2887,0.0234694,192.4
2890,0.0226539,192.6
2893,0.0207147,192.8
2896,0.0152873,193
2899,0.0186,193.2
2902,0.029287,193.4
2905,0.0256154,193.6
2908,0.0245658,193.8
2911,0.0333059,194
2914,0.0277887,194.2
2917,0.031554,194.4
2920,0.0373755,194.6
2923,0.0326075,194.8
2926,0.0336688,195
2929,0.0351983,195.2
2932,0.0410783,195.4
2935,0.0442544,195.6
2938,0.0366849,195.8
2941,0.0278707,196
2944,0.00966089,196.2
2947,0.0181786,196.4
2950,0.0333137,196.6
2953,0.0401536,196.8
2956,0.0436691,197
2959,0.0453352,197.2
2962,0.0485503,197.4
2965,0.0504973,197.6
2968,0.0537397,197.8
2971,0.0570172,198
2974,0.0659212,198.2
2977,0.066565,198.4
2980,0.0694679,198.6
2983,0.0708687,198.8
2986,0.0816845,199
2989,0.090128,199.2
2992,0.0868115,199.4
2995,0.0925003,199.6
2998,0.0875372,199.8
3001,0.0983218,200
3004,0.0942483,200.2
3007,0.099309,200.4
3010,0.098712,200.6
3013,0.0896754,200.8
3016,0.0770804,201
3019,0.0588667,201.2
3022,0.0708062,201.4
3025,0.0702093,201.6
3028,0.0665494,201.8
3031,0.0703341,202
3034,0.0708453,202.2
3037,0.0808768,202.4
3040,0.0805178,202.6
3043,0.0813762,202.8
3046,0.0861599,203
3049,0.085321,203.2
3052,0.090604,203.4
3055,0.0848723,203.6
3058,0.0875216,203.8
3061,0.0374886,204
3064,0.0330172,204.2
3067,0.0390923,204.4
3070,0.0472354,204.6
3073,0.0431151,204.8
3076,0.0433062,205
3079,0.053845,205.2
3082,0.0478362,205.4
3085,0.0496506,205.6
3088,0.0598577,205.8
3091,0.0570601,206
3094,0.0579537,206.2
3097,0.065929,206.4
3100,0.0591476,206.6
3103,0.057345,206.8
3106,0.0647818,207
3109,0.0481718,207.2
3112,0.0793083,207.4
3115,0.0126536,207.6
3118,0.0580629,207.8
3121,0.021499,208
3124,0.0204143,208.2
3127,0.0279097,208.4
3130,0.0197939,208.6
3133,0.0245463,208.8
3136,0.0219711,209
3139,0.0171524,209.2
3142,0.0297513,209.4
3145,0.0238596,209.6
3148,0.0227359,209.8
3151,0.0279292,210
3154,0.0265206,210.2
3157,0.0320183,210.4
3160,0.0572552,210.6
3163,0.00936826,210.8
3166,0.00797141,211
3169,0.00626241,211.2
3172,0.0116469,211.4
3175,0.0136915,211.6
3178,0.019314,211.8
3181,0.0196886,212
3184,0.0172889,212.2
3187,0.0149635,212.4
3190,0.0246283,212.6
3193,0.0138749,212.8
3196,0.0174645,213
3199,0.022334,213.2
3202,0.0066604,213.4
3205,0.0113582,213.6
3208,0.0157282,213.8
3211,0.00889614,214
3214,0.00668771,214.2
3217,0.016134,214.4
3220,0.00737443,214.6
3223,0.0126263,214.8
3226,0.014187,215
3229,0.0161535,215.2
3232,0.022611,215.4
3235,0.014745,215.6
3238,0.0126458,215.8
3241,0.0119435,216
3244,0.0117991,216.2
3247,0.011483,216.4
3250,0.0170978,216.6
3253,0.0175504,216.8
3256,0.0111202,217
3259,0.0158882,217.2
3262,0.0145187,217.4
3265,0.0109758,217.6
3268,0.0136329,217.8
3271,0.00679306,218
3274,0.0145108,218.2
3277,0.0139139,218.4
3280,0.013192,218.6
3283,0.0159623,218.8
3286,0.0154083,219
3289,0.00508016,219.2
3292,0.00590345,219.4
3295,0.00821722,219.6
3298,0.0119239,219.8
3301,0.00541962,220
3304,0.0200475,220.2
3307,0.0184322,220.4
3310,0.0180849,220.6
3313,0.0119864,220.8
3316,0.0167115,221
3319,0.0213,221.2
3322,0.0195247,221.4
3325,0.0256817,221.6
3328,0.0256661,221.8
3331,0.0324514,222
3334,0.0211166,222.2
3337,0.030005,222.4
3340,0.0380271,222.6
3343,0.0344842,222.8
3346,0.0232587,223
3349,0.029923,223.2
3352,0.0174255,223.4
3355,0.0286627,223.6
3358,0.0311326,223.8
3361,0.0313472,224
3364,0.026466,224.2
3367,0.0271605,224.4
3370,0.0256115,224.6
3373,0.0146786,224.8
3376,0.0154824,225
3379,0.0176167,225.2
3382,0.0106598,225.4
3385,0.0131959,225.6
3388,0.0129111,225.8
3391,0.0094541,226
3394,0.0110734,226.2
3397,0.0157321,226.4
3400,0.0124234,226.6
3403,0.00962188,226.8
3406,0.0124273,227
3409,0.0115182,227.2
3412,0.0262709,227.4
3415,0.0229154,227.6
3418,0.0169261,227.8
3421,0.0298918,228
3424,0.0165398,228.2
3427,0.0222325,228.4
3430,0.0123297,228.6
3433,0.0354948,228.8
3436,0.0949702,229
3439,0.0345272,229.2
3442,0.00444417,229.4
3445,0.00565763,229.6
3448,0.00323851,229.8
3451,0.0324436,230
3454,0.0199227,230.2
3457,0.0113465,230.4
3460,0.0484527,230.6
3463,0.0118147,230.8
3466,0.0165632,231
3469,0.0178703,231.2
3472,0.0172265,231.4
3475,0.0132545,231.6
3478,0.00460804,231.8
3481,0.00405399,232
3484,0.00613755,232.2
3487,0.0108392,232.4
3490,0.00447538,232.6
3493,0.0130399,232.8
3496,0.0118966,233
3499,0.0070974,233.2
3502,0.0152171,233.4
3505,0.010293,233.6
3508,0.00952043,233.8
3511,0.0229115,234
3514,0.00548205,234.2
3517,0.0539153,234.4
3520,0.0284598,234.6
3523,0.0716568,234.8
3526,0.0358694,235
3529,0.0250965,235.2
3532,0.0117328,235.4
3535,0.0446758,235.6
3538,0.00716763,235.8
3541,0.04276,236
3544,0.0103632,236.2
3547,0.00677745,236.4
3550,0.0128253,236.6
3553,0.0135627,236.8
3556,0.0151859,237
3559,0.0125638,237.2
3562,0.00725738,237.4
3565,0.0124663,237.6
3568,0.0220101,237.8
3571,0.0131062,238
3574,0.049834,238.2
3577,0.0240313,238.4
3580,0.0116586,238.6
3583,0.0164774,238.8
3586,0.00435833,239
3589,0.00381207,239.2
3592,0.0186507,239.4
3595,0.013114,239.6
3598,0.00542742,239.8
3601,0.00506846,240
3604,0.00952043,240.2
3607,0.0155253,240.4
3610,0.00652383,240.6
3613,0.00691792,240.8
3616,0.00809627,241
3619,0.0171212,241.2
3622,0.0112216,241.4
3625,0.0120917,241.6
3628,0.0175191,241.8
3631,0.0154005,242
3634,0.0167895,242.2
3637,0.0171017,242.4
3640,0.0168402,242.6
3643,0.0176128,242.8
3646,0.0202426,243
3649,0.0167349,243.2
3652,0.0152093,243.4
3655,0.0154629,243.6
3658,0.0142338,243.8
3661,0.0124507,244
3664,0.0111787,244.2
3667,0.0124585,244.4
3670,0.011007,244.6
3673,0.00995353,244.8
3676,0.0106793,245
3679,0.0145889,245.2
3682,0.0144796,245.4
3685,0.0139568,245.6
3688,0.00861911,245.8
3691,0.0129735,246
3694,0.0450308,246.2
3697,0.00490068,246.4
3700,0.0108314,246.6
3703,0.00851766,246.8
3706,0.0133871,247
3709,0.0189043,247.2
3712,0.0240196,247.4
3715,0.027141,247.6
3718,0.0238401,247.8
3721,0.0334698,248
3724,0.0257871,248.2
3727,0.0267586,248.4
3730,0.035526,248.6
3733,0.0359747,248.8
3736,0.0264933,249
3739,0.03068,249.2
3742,0.0354285,249.4
3745,0.0752426,249.6
3748,0.0418157,249.8
3751,0.047926,250
3754,0.0360489,250.2
3757,0.0166647,250.4
3760,0.0066721,250.6
3763,0.00506065,250.8
3766,0.00929412,251
3769,0.0124078,251.2
3772,0.0120176,251.4
3775,0.0207225,251.6
3778,0.0164188,251.8
3781,0.0152444,252
3784,0.0235318,252.2
3787,0.0188458,252.4
3790,0.0255725,252.6
3793,0.0264231,252.8
3796,0.0450621,253
3799,0.0491199,253.2
3802,0.0475865,253.4
3805,0.0574269,253.6
3808,0.0590657,253.8
3811,0.040813,254
3814,0.0486478,254.2
3817,0.0476216,254.4
3820,0.0357406,254.6
3823,0.00745247,254.8
3826,0.00726128,255
3829,0.00964529,255.2
3832,0.00822112,255.4
3835,0.00757342,255.6
3838,0.00799092,255.8
3841,0.00596587,256
3844,0.0176518,256.2
3847,0.00950872,256.4
3850,0.0149674,256.6
3853,0.0142494,256.8
3856,0.0211361,257
3859,0.0213429,257.2
3862,0.0233602,257.4
3865,0.0183658,257.6
3868,0.00998084,257.8
3871,0.0183346,258
3874,0.0266026,258.2
3877,0.0148035,258.4
3880,0.0181278,258.6
3883,0.0193218,258.8
3886,0.0202465,259
3889,0.0169573,259.2
3892,0.0219672,259.4
3895,0.0226266,259.6
3898,0.0267782,259.8
3901,0.0234421,260
3904,0.0229934,260.2
3907,0.028811,260.4
3910,0.0217682,260.6
3913,0.0217643,260.8
3916,0.0185882,261
3919,0.0295172,261.2
3922,0.0194271,261.4
3925,0.012357,261.6
3928,0.0125521,261.8
3931,0.0132311,262
3934,0.0132584,262.2
3937,0.0127043,262.4
3940,0.0134457,262.6
3943,0.0145382,262.8
3946,0.0103281,263
3949,0.00972722,263.2
3952,0.00842792,263.4
3955,0.0124039,263.6
3958,0.0109602,263.8
3961,0.0144796,264
3964,0.00750319,264.2
3967,0.00889614,264.4
3970,0.0103866,264.6
3973,0.0117132,264.8
3976,0.0103515,265
3979,0.012478,265.2
3982,0.0159818,265.4
3985,0.0156268,265.6
3988,0.00717934,265.8
3991,0.0062429,266
3994,0.0311131,266.2
3997,0.010531,266.4
4000,0.0243083,266.6
4003,0.00505285,266.8
4006,0.00530647,267
4009,0.0376252,267.2
4012,0.00555228,267.4
4015,0.00928632,267.6
4018,0.0102228,267.8
4021,0.0179679,268
4024,0.00999255,268.2
4027,0.010133,268.4
4030,0.00612195,268.6
4033,0.0137266,268.8
4036,0.0131179,269
4039,0.0142728,269.2
4042,0.00917317,269.4
4045,0.00783484,269.6
4048,0.00653944,269.8
4051,0.0227359,270
4054,0.0413085,270.2
4057,0.00818211,270.4
4060,0.0147957,270.6
4063,0.0146864,270.8
4066,0.00969601,271
4069,0.020984,271.2
4072,0.00965699,271.4
4075,0.00799872,271.6
4078,0.0125014,271.8
4081,0.00982477,272
4084,0.00978575,272.2
4087,0.00918097,272.4
4090,0.0113933,272.6
4093,0.00530647,272.8
4096,0.00862301,273
4099,0.0312184,273.2
4102,0.0355728,273.4
4105,0.051941,273.6
4108,0.0151273,273.8
4111,0.0165632,274
4114,0.00517381,274.2
4117,0.00650042,274.4
4120,0.00916926,274.6
4123,0.00904831,274.8
4126,0.00583711,275
4129,0.00404228,275.2
4132,0.00520502,275.4
4135,0.00425298,275.6
4138,0.00230987,275.8
4141,0.0981306,276
4144,0.0748797,276.2
4147,0.0673843,276.4
4150,0.0393576,276.6
4153,0.0149557,276.8
4156,0.0130633,277
4159,0.0207928,277.2
4162,0.0319168,277.4
4165,0.0366771,277.6
4168,0.0344647,277.8
4171,0.0247258,278
4174,0.0358031,278.2
4177,0.0366458,278.4
4180,0.0435013,278.6
4183,0.045542,278.8
4186,0.0430916,279
4189,0.064895,279.2
4192,0.0685822,279.4
4195,0.0220843,279.6
4198,0.0638103,279.8
4201,0.0406647,280
4204,0.0272542,280.2
4207,0.115576,280.4
4210,0.0391079,280.6
4213,0.173631,280.8
4216,0.184474,281
4219,0.0274063,281.2
4222,0.163603,281.4
4225,0.20307,281.6
4228,0.249521,281.8
4231,0.252424,282
4234,0.243536,282.2
4237,0.23144,282.4
4240,0.262522,282.6
4243,0.249377,282.8
4246,0.228674,283
4249,0.149404,283.2
4252,0.278949,283.4
4255,0.312832,283.6
4258,0.271902,283.8
4261,0.277727,284
4264,0.33984,284.2
4267,0.0137305,284.4
4270,0.298247,284.6
4273,0.166198,284.8
4276,0.167322,285
4279,0.254469,285.2
4282,0.103363,285.4
4285,0.11709,285.6
4288,0.315626,285.8
4291,0.362096,286
4294,0.335564,286.2
4297,0.272674,286.4
4300,0.0873343,286.6
4303,0.232388,286.8
4306,0.229165,287
4309,0.298879,287.2
4312,0.335002,287.4
4315,0.32707,287.6
4318,0.306253,287.8
4321,0.281126,288
4324,0.298231,288.2
4327,0.297373,288.4
4330,0.303308,288.6
4333,0.309652,288.8
4336,0.30108,289
4339,0.269018,289.2
4342,0.297974,289.4
4345,0.297943,289.6
4348,0.295617,289.8
4351,0.301041,290
4354,0.305602,290.2
4357,0.291267,290.4
4360,0.282866,290.6
4363,0.303971,290.8
4366,0.299484,291
4369,0.286342,291.2
4372,0.284676,291.4
4375,0.191212,291.6
4378,0.236169,291.8
4381,0.290912,292
4384,0.2866,292.2
4387,0.273193,292.4
4390,0.290315,292.6
4393,0.105447,292.8
4396,0.184774,293
4399,0.304275,293.2
4402,0.324459,293.4
4405,0.335962,293.6
4408,0.326114,293.8
4411,0.339314,294
4414,0.336797,294.2
4417,0.295562,294.4
4420,0.334194,294.6
4423,0.302063,294.8
4426,0.313811,295
4429,0.331533,295.2
4432,0.339235,295.4
4435,0.34281,295.6
4438,0.149123,295.8
4441,0.295656,296
4444,0.194057,296.2
4447,0.331151,296.4
4450,0.318696,296.6
4453,0.300128,296.8
4456,0.307795,297
4459,0.267883,297.2
4462,0.266845,297.4
4465,0.230457,297.6
4468,0.273108,297.8
4471,0.266802,298
4474,0.242088,298.2
4477,0.236321,298.4
4480,0.232704,298.6
4483,0.21396,298.8
4486,0.0608605,299
4489,0.169327,299.2
4492,0.188075,299.4
4495,0.171516,299.6
4498,0.0891448,299.8
4501,0.152538,300
4504,0.17964,300.2
4507,0.197057,300.4
4510,0.200721,300.6
4513,0.232724,300.8
4516,0.190771,301
4519,0.219973,301.2
4522,0.225338,301.4
4525,0.151948,301.6
4528,0.243645,301.8
4531,0.261254,302
4534,0.266143,302.2
4537,0.281032,302.4
4540,0.27999,302.6
4543,0.275769,302.8
4546,0.269791,303
4549,0.274106,303.2
4552,0.279284,303.4
4555,0.291754,303.6
4558,0.304201,303.8
4561,0.247032,304
4564,0.32737,304.2
4567,0.16944,304.4
4570,0.238623,304.6
4573,0.293537,304.8
4576,0.324553,305
4579,0.349911,305.2
4582,0.289862,305.4
4585,0.336727,305.6
4588,0.287509,305.8
4591,0.304888,306
4594,0.285835,306.2
4597,0.298001,306.4
4600,0.306577,306.6
4603,0.310651,306.8
4606,0.294696,307
4609,0.271371,307.2
4612,0.248608,307.4
4615,0.159783,307.6
4618,0.256205,307.8
4621,0.25418,308
4624,0.229844,308.2
4627,0.247707,308.4
4630,0.202649,308.6
4633,0.188836,308.8
4636,0.186195,309
4639,0.178598,309.2
4642,0.163057,309.4
4645,0.165874,309.6
4648,0.159612,309.8
4651,0.150899,310
4654,0.199012,310.2
4657,0.198376,310.4
4660,0.178231,310.6
4663,0.191934,310.8
4666,0.179281,311
4669,0.1402,311.2
4672,0.158866,311.4
4675,0.164387,311.6
4678,0.0695186,311.8
4681,0.156174,312
4684,0.171208,312.2
4687,0.093386,312.4
4690,0.11874,312.6
4693,0.165285,312.8
4696,0.159241,313
4699,0.0950833,313.2
4702,0.092196,313.4
4705,0.168656,313.6
4708,0.173752,313.8
4711,0.199476,314
4714,0.201213,314.2
4717,0.217237,314.4
4720,0.21348,314.6
4723,0.1685,314.8
4726,0.202996,315
4729,0.226637,315.2
4732,0.235705,315.4
4735,0.25013,315.6
4738,0.0276092,315.8
4741,0.139065,316
4744,0.251121,316.2
4747,0.232376,316.4
4750,0.250442,316.6
4753,0.240313,316.8
4756,0.230168,317
4759,0.169752,317.2
4762,0.181329,317.4
4765,0.176928,317.6
4768,0.164621,317.8
4771,0.153021,318
4774,0.117004,318.2
4777,0.119481,318.4
4780,0.104143,318.6
4783,0.0933587,318.8
4786,0.0775837,319
4789,0.0639546,319.2
4792,0.0417806,319.4
4795,0.0209957,319.6
4798,0.00871665,319.8
4801,0.00610244,320
4804,0.00590345,320.2
4807,0.00346091,320.4
4810,0.00656285,320.6
4813,0.00759683,320.8
4816,0.00740174,321
4819,0.00853717,321.2
4822,0.00698035,321.4
4825,0.00941508,321.6
4828,0.00778412,321.8
4831,0.010609,322
4834,0.0122127,322.2
4837,0.0127862,322.4
4840,0.00977014,322.6
4843,0.0137812,322.8
4846,0.0133325,323
4849,0.0130165,323.2
4852,0.0133676,323.4
4855,0.00662138,323.6
4858,0.0128487,323.8
4861,0.0111748,324
4864,0.0146357,324.2
4867,0.0140934,324.4
4870,0.00654725,324.6
4873,0.0165632,324.8
4876,0.012876,325
4879,0.0121229,325.2
4882,0.0162159,325.4
4885,0.00845523,325.6
4888,0.0159818,325.8
4891,0.0150688,326
4894,0.0122127,326.2
4897,0.0156658,326.4
4900,0.00506846,326.6
4903,0.00762024,326.8
4906,0.00991451,327
4909,0.00916146,327.2
4912,0.00789337,327.4
4915,0.00562252,327.6
4918,0.00740955,327.8
4921,0.0114479,328
4924,0.0154083,328.2
4927,0.0233016,328.4
4930,0.0368917,328.6
4933,0.0490341,328.8
4936,0.0567012,329
4939,0.0535017,329.2
4942,0.0521829,329.4
4945,0.0415504,329.6
4948,0.0607474,329.8
4951,0.0745871,330
4954,0.0667796,330.2
4957,0.0531505,330.4
4960,0.0425142,330.6
4963,0.0637674,330.8
4966,0.068949,331
4969,0.0589486,331.2
4972,0.0582619,331.4
4975,0.0473407,331.6
4978,0.0734829,331.8
4981,0.0709272,332
4984,0.03974,332.2
4987,0.0459049,332.4
4990,0.0501656,332.6
4993,0.0511099,332.8
4996,0.0527447,333
4999,0.049674,333.2
5002,0.0563734,333.4
5005,0.0659173,333.6
5008,0.0654685,333.8
5011,0.0680242,334
5014,0.0693899,334.2
5017,0.0604001,334.4
5020,0.0441412,334.6
5023,0.0351046,334.8
5026,0.0217526,335
5029,0.0131764,335.2
5032,0.00998084,335.4
5035,0.011725,335.6
5038,0.0158804,335.8
5041,0.0222677,336
5044,0.0224549,336.2
5047,0.0209723,336.4
5050,0.0195208,336.6
5053,0.0271059,336.8
5056,0.0433999,337
5059,0.0304654,337.2
5062,0.0260134,337.4
5065,0.0354831,337.6
5068,0.0309063,337.8
5071,0.0327518,338
5074,0.0326894,338.2
5077,0.0183502,338.4
5080,0.0316125,338.6
5083,0.020785,338.8
5086,0.0127589,339
5089,0.0197003,339.2
5092,0.014546,339.4
5095,0.0215926,339.6
5098,0.0249833,339.8
5101,0.0381754,340
5104,0.0375238,340.2
5107,0.0389947,340.4
5110,0.0297474,340.6
5113,0.0275039,340.8
5116,0.0235982,341
5119,0.0216395,341.2
5122,0.0151781,341.4
5125,0.00934485,341.6
5128,0.00179093,341.8
5131,0.00221623,342
5134,0.00190018,342.2
5137,0.0266728,342.4
5140,0.010769,342.6
5143,0.0202348,342.8
5146,0.0223964,343
5149,0.00987549,343.2
5152,0.0222013,343.4
5155,0.00899368,343.6
5158,0.0315696,343.8
5161,0.0274181,344
5164,0.0165593,344.2
5167,0.0152951,344.4
5170,0.0187677,344.6
5173,0.010055,344.8
5176,0.0162472,345
5179,0.00572396,345.2
5182,0.00270006,345.4
5185,0.0345194,345.6
5188,0.0138202,345.8
5191,0.0127941,346
5194,0.0333254,346.2
5197,0.025432,346.4
5200,0.01192,346.6
5203,0.0212688,346.8
5206,0.0186156,347
5209,0.0135744,347.2
5212,0.0126185,347.4
5215,0.00910684,347.6
5218,0.00175582,347.8
5221,0.0208942,348
5224,0.0117679,348.2
5227,0.00512698,348.4
5230,0.0177298,348.6
5233,0.0271683,348.8
5236,0.00230207,349
5239,0.0167388,349.2
5242,0.0107183,349.4
5245,0.0329625,349.6
5248,0.0247921,349.8
5251,0.0169807,350
5254,0.00528306,350.2
5257,0.00417104,350.4
5260,0.0108548,350.6
5263,0.0191462,350.8
5266,0.0274376,351
5269,0.0330172,351.2
5272,0.0368917,351.4
5275,0.0334307,351.6
5278,0.0343321,351.8
5281,0.0391508,352
5284,0.0428575,352.2
5287,0.0489639,352.4
5290,0.054282,352.6
5293,0.0610283,352.8
5296,0.0730186,353
5299,0.0711457,353.2
5302,0.0483279,353.4
5305,0.0619569,353.6
5308,0.0585662,353.8
5311,0.0380856,354
5314,0.0529359,354.2
5317,0.0575167,354.4
5320,0.0473485,354.6
5323,0.0498652,354.8
5326,0.0419757,355
5329,0.0472081,355.2
5332,0.0311521,355.4
5335,0.0357289,355.6
5338,0.0231065,355.8
5341,0.0665845,356
5344,0.0252408,356.2
5347,0.0280384,356.4
5350,0.0295523,356.6
5353,0.0345076,356.8
5356,0.0377227,357
5359,0.0509928,357.2
5362,0.0478597,357.4
5365,0.0625617,357.6
5368,0.0694874,357.8
5371,0.0743257,358
5374,0.0761478,358.2
5377,0.0756094,358.4
5380,0.0766629,358.6
5383,0.0777788,358.8
5386,0.0864915,359
5389,0.0707516,359.2
5392,0.0645399,359.4
5395,0.0563734,359.6
5398,0.0513674,359.8
5401,0.0592725,360
5404,0.0437667,360.2
5407,0.0540909,360.4
5410,0.0564944,360.6
5413,0.0697605,360.8
5416,0.0695381,361
5419,0.0406413,361.2
5422,0.0394669,361.4
5425,0.0445353,361.6
5428,0.0468569,361.8
5431,0.0546449,362
5434,0.0635215,362.2
5437,0.0407427,362.4
5440,0.0819966,362.6
5443,0.0566583,362.8
5446,0.0568807,363
5449,0.0655817,363.2
5452,0.0702405,363.4
5455,0.0795307,363.6
5458,0.0769126,363.8
5461,0.0853444,364
5464,0.0820552,364.2
5467,0.0707282,364.4
5470,0.0747627,364.6
5473,0.0635176,364.8
5476,0.0548361,365
5479,0.0386631,365.2
5482,0.0316788,365.4
5485,0.0408286,365.6
5488,0.04697,365.8
5491,0.0441256,366
5494,0.0193023,366.2
5497,0.0125287,366.4
5500,0.0267352,366.6
5503,0.0153341,366.8
5506,0.00947751,367
5509,0.0262865,367.2
5512,0.0169651,367.4
5515,0.020941,367.6
5518,0.0327791,367.8
5521,0.0218853,368
5524,0.0192711,368.2
5527,0.0196339,368.4
5530,0.0243785,368.6
5533,0.0323538,368.8
5536,0.0405242,369
5539,0.0435794,369.2
5542,0.0506417,369.4
5545,0.053845,369.6
5548,0.0538333,369.8
5551,0.0577469,370
5554,0.0627997,370.2
5557,0.069027,370.4
5560,0.0695772,370.6
5563,0.0725503,370.8
5566,0.0650589,371
5569,0.0716958,371.2
5572,0.0754923,371.4
5575,0.0708882,371.6
5578,0.0693391,371.8
5581,0.0653086,372
5584,0.0665415,372.2
5587,0.0523936,372.4
5590,0.0547698,372.6
5593,0.0552848,372.8
5596,0.035249,373
5599,0.0489795,373.2
5602,0.0282843,373.4
5605,0.0262397,373.6
5608,0.0275741,373.8
5611,0.0298801,374
5614,0.0332435,374.2
5617,0.0373287,374.4
5620,0.0412305,374.6
5623,0.0420538,374.8
5626,0.0345311,375
5629,0.0296187,375.2
5632,0.0297513,375.4
5635,0.0283974,375.6
5638,0.0341877,375.8
5641,0.0362674,376
5644,0.0440788,376.2
5647,0.0400014,376.4
5650,0.0291153,376.6
5653,0.0246126,376.8
5656,0.0463262,377
5659,0.0329937,377.2
5662,0.0491043,377.4
5665,0.0443558,377.6
5668,0.0604781,377.8
5671,0.0476763,378
5674,0.0291934,378.2
5677,0.0212922,378.4
5680,0.00653944,378.6
5683,0.00975064,378.8
5686,0.00840841,379
5689,0.00879859,379.2
5692,0.00804944,379.4
5695,0.0120722,379.6
5698,0.0360059,379.8
5701,0.0337585,380
5704,0.0157516,380.2
5707,0.0183658,380.4
5710,0.00921609,380.6
5713,0.00716373,380.8
5716,0.0100043,381
5719,0.0117562,381.2
5722,0.0945176,381.4
5725,0.0328026,381.6
5728,0.00326972,381.8
5731,0.005166,382
5734,0.0121893,382.2
