,,Time,Density
1,0.17502,0,0.17502
4,0.174567,0.2,0.174567
7,0.179928,0.4,0.179928
10,0.191751,0.6,0.191751
13,0.205103,0.8,0.205103
16,0.209184,1,0.209184
19,0.204201,1.2,0.204201
22,0.199722,1.4,0.199722
25,0.1949,1.6,0.1949
28,0.201657,1.8,0.201657
31,0.208099,2,0.208099
34,0.212384,2.2,0.212384
37,0.210636,2.4,0.210636
40,0.209048,2.6,0.209048
43,0.207623,2.8,0.207623
46,0.206609,3,0.206609
49,0.203546,3.2,0.203546
52,0.204416,3.4,0.204416
55,0.20909,3.6,0.20909
58,0.214799,3.8,0.214799
61,0.220601,4,0.220601
64,0.218342,4.2,0.218342
67,0.21261,4.4,0.21261
70,0.206496,4.6,0.206496
73,0.205536,4.8,0.205536
76,0.205294,5,0.205294
79,0.205497,5.2,0.205497
82,0.210956,5.4,0.210956
85,0.223562,5.6,0.223562
88,0.242591,5.8,0.242591
91,0.261137,6,0.261137
94,0.274266,6.2,0.274266
97,0.285117,6.4,0.285117
100,0.288637,6.6,0.288637
103,0.282991,6.8,0.282991
106,0.266439,7,0.266439
109,0.256451,7.2,0.256451
112,0.253653,7.4,0.253653
115,0.261968,7.6,0.261968
118,0.269658,7.8,0.269658
121,0.27434,8,0.27434
124,0.279815,8.2,0.279815
127,0.281809,8.4,0.281809
130,0.278672,8.6,0.278672
133,0.275449,8.8,0.275449
136,0.272546,9,0.272546
139,0.269822,9.2,0.269822
142,0.265202,9.4,0.265202
145,0.26139,9.6,0.26139
148,0.25798,9.8,0.25798
151,0.253107,10,0.253107
154,0.246833,10.2,0.246833
157,0.242931,10.4,0.242931
160,0.241749,10.6,0.241749
163,0.239868,10.8,0.239868
166,0.237702,11,0.237702
169,0.236942,11.2,0.236942
172,0.235221,11.4,0.235221
175,0.235958,11.6,0.235958
178,0.23526,11.8,0.23526
181,0.234983,12,0.234983
184,0.237242,12.2,0.237242
187,0.237262,12.4,0.237262
190,0.236891,12.6,0.236891
193,0.236411,12.8,0.236411
196,0.235225,13,0.235225
199,0.23599,13.2,0.23599
202,0.236165,13.4,0.236165
205,0.236087,13.6,0.236087
208,0.236009,13.8,0.236009
211,0.235642,14,0.235642
214,0.235283,14.2,0.235283
217,0.235338,14.4,0.235338
220,0.235993,14.6,0.235993
223,0.236427,14.8,0.236427
226,0.235806,15,0.235806
229,0.235572,15.2,0.235572
232,0.235716,15.4,0.235716
235,0.236789,15.6,0.236789
238,0.235443,15.8,0.235443
241,0.234335,16,0.234335
244,0.232946,16.2,0.232946
247,0.231737,16.4,0.231737
250,0.232728,16.6,0.232728
253,0.232568,16.8,0.232568
256,0.233005,17,0.233005
259,0.232634,17.2,0.232634
262,0.232447,17.4,0.232447
265,0.232256,17.6,0.232256
268,0.232583,17.8,0.232583
271,0.231155,18,0.231155
274,0.230515,18.2,0.230515
277,0.235041,18.4,0.235041
280,0.240668,18.6,0.240668
283,0.246899,18.8,0.246899
286,0.251211,19,0.251211
289,0.252194,19.2,0.252194
292,0.250149,19.4,0.250149
295,0.246056,19.6,0.246056
298,0.242049,19.8,0.242049
301,0.23853,20,0.23853
304,0.237578,20.2,0.237578
307,0.237644,20.4,0.237644
310,0.237617,20.6,0.237617
313,0.236692,20.8,0.236692
316,0.235498,21,0.235498
319,0.233535,21.2,0.233535
322,0.232435,21.4,0.232435
325,0.232189,21.6,0.232189
328,0.232778,21.8,0.232778
331,0.232579,22,0.232579
334,0.232486,22.2,0.232486
337,0.232369,22.4,0.232369
340,0.233375,22.6,0.233375
343,0.240434,22.8,0.240434
346,0.245935,23,0.245935
349,0.250719,23.2,0.250719
352,0.251925,23.4,0.251925
355,0.251792,23.6,0.251792
358,0.251581,23.8,0.251581
361,0.251265,24,0.251265
364,0.248862,24.2,0.248862
367,0.246681,24.4,0.246681
370,0.244355,24.6,0.244355
373,0.244336,24.8,0.244336
376,0.243938,25,0.243938
379,0.243969,25.2,0.243969
382,0.245284,25.4,0.245284
385,0.247414,25.6,0.247414
388,0.25217,25.8,0.25217
391,0.257953,26,0.257953
394,0.260239,26.2,0.260239
397,0.259123,26.4,0.259123
400,0.259994,26.6,0.259994
403,0.261976,26.8,0.261976
406,0.269077,27,0.269077
409,0.279705,27.2,0.279705
412,0.292226,27.4,0.292226
415,0.304392,27.6,0.304392
418,0.315501,27.8,0.315501
421,0.325216,28,0.325216
424,0.33764,28.2,0.33764
427,0.351932,28.4,0.351932
430,0.363423,28.6,0.363423
433,0.374812,28.8,0.374812
436,0.38644,29,0.38644
439,0.393447,29.2,0.393447
442,0.400494,29.4,0.400494
445,0.407669,29.6,0.407669
448,0.416054,29.8,0.416054
451,0.421833,30,0.421833
454,0.426866,30.2,0.426866
457,0.431591,30.4,0.431591
460,0.435165,30.6,0.435165
463,0.439465,30.8,0.439465
466,0.441553,31,0.441553
469,0.442357,31.2,0.442357
472,0.444019,31.4,0.444019
475,0.445037,31.6,0.445037
478,0.446048,31.8,0.446048
481,0.445431,32,0.445431
484,0.445361,32.2,0.445361
487,0.444253,32.4,0.444253
490,0.4427,32.6,0.4427
493,0.44348,32.8,0.44348
496,0.443414,33,0.443414
499,0.442626,33.2,0.442626
502,0.445053,33.4,0.445053
505,0.447183,33.6,0.447183
508,0.447015,33.8,0.447015
511,0.448041,34,0.448041
514,0.450656,34.2,0.450656
517,0.460242,34.4,0.460242
520,0.495351,34.6,0.495351
523,0.503752,34.8,0.503752
526,0.513928,35,0.513928
529,0.518114,35.2,0.518114
532,0.519827,35.4,0.519827
535,0.519835,35.6,0.519835
538,0.521013,35.8,0.521013
541,0.521439,36,0.521439
544,0.522828,36.2,0.522828
547,0.529937,36.4,0.529937
550,0.529203,36.6,0.529203
553,0.526921,36.8,0.526921
556,0.525972,37,0.525972
559,0.524061,37.2,0.524061
562,0.522995,37.4,0.522995
565,0.52392,37.6,0.52392
568,0.521122,37.8,0.521122
571,0.517919,38,0.517919
574,0.517779,38.2,0.517779
577,0.516795,38.4,0.516795
580,0.515976,38.6,0.515976
583,0.515426,38.8,0.515426
586,0.517744,39,0.517744
589,0.520838,39.2,0.520838
592,0.523885,39.4,0.523885
595,0.543152,39.6,0.543152
598,0.55506,39.8,0.55506
601,0.561569,40,0.561569
604,0.567211,40.2,0.567211
607,0.573255,40.4,0.573255
610,0.582759,40.6,0.582759
613,0.585038,40.8,0.585038
616,0.585549,41,0.585549
619,0.58608,41.2,0.58608
622,0.593934,41.4,0.593934
625,0.592721,41.6,0.592721
628,0.591925,41.8,0.591925
631,0.594399,42,0.594399
634,0.595628,42.2,0.595628
637,0.596673,42.4,0.596673
640,0.598476,42.6,0.598476
643,0.597438,42.8,0.597438
646,0.605047,43,0.605047
649,0.60317,43.2,0.60317
652,0.601398,43.4,0.601398
655,0.601473,43.6,0.601473
658,0.600497,43.8,0.600497
661,0.599787,44,0.599787
664,0.598195,44.2,0.598195
667,0.596568,44.4,0.596568
670,0.595444,44.6,0.595444
673,0.594207,44.8,0.594207
676,0.592303,45,0.592303
679,0.591745,45.2,0.591745
682,0.590817,45.4,0.590817
685,0.589303,45.6,0.589303
688,0.588202,45.8,0.588202
691,0.586794,46,0.586794
694,0.586103,46.2,0.586103
697,0.587473,46.4,0.587473
700,0.586884,46.6,0.586884
703,0.586919,46.8,0.586919
706,0.588616,47,0.588616
709,0.590536,47.2,0.590536
712,0.597676,47.4,0.597676
715,0.599717,47.6,0.599717
718,0.610193,47.8,0.610193
721,0.637358,48,0.637358
724,0.637354,48.2,0.637354
727,0.639515,48.4,0.639515
730,0.63934,48.6,0.63934
733,0.641946,48.8,0.641946
736,0.643952,49,0.643952
739,0.645856,49.2,0.645856
742,0.652493,49.4,0.652493
745,0.667312,49.6,0.667312
748,0.674846,49.8,0.674846
751,0.682779,50,0.682779
754,0.687051,50.2,0.687051
757,0.691019,50.4,0.691019
760,0.691901,50.6,0.691901
763,0.694554,50.8,0.694554
766,0.695159,51,0.695159
769,0.695674,51.2,0.695674
772,0.706556,51.4,0.706556
775,0.706587,51.6,0.706587
778,0.70578,51.8,0.70578
781,0.703813,52,0.703813
784,0.703029,52.2,0.703029
787,0.701289,52.4,0.701289
790,0.700068,52.6,0.700068
793,0.700575,52.8,0.700575
796,0.696134,53,0.696134
799,0.696747,53.2,0.696747
802,0.691854,53.4,0.691854
805,0.685818,53.6,0.685818
808,0.686048,53.8,0.686048
811,0.684901,54,0.684901
814,0.696123,54.2,0.696123
817,0.700481,54.4,0.700481
820,0.712292,54.6,0.712292
823,0.714157,54.8,0.714157
826,0.717126,55,0.717126
829,0.720053,55.2,0.720053
832,0.721204,55.4,0.721204
835,0.722987,55.6,0.722987
838,0.722725,55.8,0.722725
841,0.722741,56,0.722741
844,0.722881,56.2,0.722881
847,0.724922,56.4,0.724922
850,0.724489,56.6,0.724489
853,0.72415,56.8,0.72415
856,0.723732,57,0.723732
859,0.723361,57.2,0.723361
862,0.722854,57.4,0.722854
865,0.722296,57.6,0.722296
868,0.721941,57.8,0.721941
871,0.721106,58,0.721106
874,0.721219,58.2,0.721219
877,0.720821,58.4,0.720821
880,0.723435,58.6,0.723435
883,0.724091,58.8,0.724091
886,0.724032,59,0.724032
889,0.724477,59.2,0.724477
892,0.724044,59.4,0.724044
895,0.724688,59.6,0.724688
898,0.725371,59.8,0.725371
901,0.72573,60,0.72573
904,0.726143,60.2,0.726143
907,0.726315,60.4,0.726315
910,0.725972,60.6,0.725972
913,0.725406,60.8,0.725406
916,0.725562,61,0.725562
919,0.724384,61.2,0.724384
922,0.724427,61.4,0.724427
925,0.724676,61.6,0.724676
928,0.724727,61.8,0.724727
931,0.722893,62,0.722893
934,0.723474,62.2,0.723474
937,0.723529,62.4,0.723529
940,0.723053,62.6,0.723053
943,0.72303,62.8,0.72303
946,0.722757,63,0.722757
949,0.722487,63.2,0.722487
952,0.722483,63.4,0.722483
955,0.724587,63.6,0.724587
958,0.724395,63.8,0.724395
961,0.723658,64,0.723658
964,0.72287,64.2,0.72287
967,0.722706,64.4,0.722706
970,0.722811,64.6,0.722811
973,0.722074,64.8,0.722074
976,0.722214,65,0.722214
979,0.722398,65.2,0.722398
982,0.718269,65.4,0.718269
985,0.71937,65.6,0.71937
988,0.719436,65.8,0.719436
991,0.71935,66,0.71935
994,0.719366,66.2,0.719366
997,0.718773,66.4,0.718773
1000,0.719233,66.6,0.719233
1003,0.719998,66.8,0.719998
1006,0.719085,67,0.719085
1009,0.719155,67.2,0.719155
1012,0.718312,67.4,0.718312
1015,0.718301,67.6,0.718301
1018,0.718254,67.8,0.718254
1021,0.718613,68,0.718613
1024,0.718176,68.2,0.718176
1027,0.718472,68.4,0.718472
1030,0.717766,68.6,0.717766
1033,0.717793,68.8,0.717793
1036,0.717692,69,0.717692
1039,0.718086,69.2,0.718086
1042,0.718422,69.4,0.718422
1045,0.718601,69.6,0.718601
1048,0.718363,69.8,0.718363
1051,0.718597,70,0.718597
1054,0.718504,70.2,0.718504
1057,0.718558,70.4,0.718558
1060,0.71905,70.6,0.71905
1063,0.717497,70.8,0.717497
1066,0.717684,71,0.717684
1069,0.717672,71.2,0.717672
1072,0.717996,71.4,0.717996
1075,0.717977,71.6,0.717977
1078,0.717914,71.8,0.717914
1081,0.718004,72,0.718004
1084,0.718468,72.2,0.718468
1087,0.715605,72.4,0.715605
1090,0.715156,72.6,0.715156
1093,0.715823,72.8,0.715823
1096,0.715889,73,0.715889
1099,0.716674,73.2,0.716674
1102,0.716342,73.4,0.716342
1105,0.716174,73.6,0.716174
1108,0.715921,73.8,0.715921
1111,0.718355,74,0.718355
1114,0.718332,74.2,0.718332
1117,0.71795,74.4,0.71795
1120,0.71809,74.6,0.71809
1123,0.718332,74.8,0.718332
1126,0.716759,75,0.716759
1129,0.714641,75.2,0.714641
1132,0.713416,75.4,0.713416
1135,0.713377,75.6,0.713377
1138,0.711898,75.8,0.711898
1141,0.711601,76,0.711601
1144,0.710864,76.2,0.710864
1147,0.710224,76.4,0.710224
1150,0.711769,76.6,0.711769
1153,0.713142,76.8,0.713142
1156,0.712214,77,0.712214
1159,0.709666,77.2,0.709666
1162,0.698682,77.4,0.698682
1165,0.701101,77.6,0.701101
1168,0.70388,77.8,0.70388
1171,0.707992,78,0.707992
1174,0.711632,78.2,0.711632
1177,0.713135,78.4,0.713135
1180,0.714434,78.6,0.714434
1183,0.714262,78.8,0.714262
1186,0.716498,79,0.716498
1189,0.717298,79.2,0.717298
1192,0.717743,79.4,0.717743
1195,0.717591,79.6,0.717591
1198,0.717751,79.8,0.717751
1201,0.717887,80,0.717887
1204,0.718586,80.2,0.718586
1207,0.717446,80.4,0.717446
1210,0.718671,80.6,0.718671
1213,0.720213,80.8,0.720213
1216,0.718757,81,0.718757
1219,0.718831,81.2,0.718831
1222,0.718863,81.4,0.718863
1225,0.717626,81.6,0.717626
1228,0.716373,81.8,0.716373
1231,0.716553,82,0.716553
1234,0.715043,82.2,0.715043
1237,0.711508,82.4,0.711508
1240,0.711012,82.6,0.711012
1243,0.709541,82.8,0.709541
1246,0.711515,83,0.711515
1249,0.713556,83.2,0.713556
1252,0.71445,83.4,0.71445
1255,0.715144,83.6,0.715144
1258,0.715351,83.8,0.715351
1261,0.714052,84,0.714052
1264,0.714621,84.2,0.714621
1267,0.715324,84.4,0.715324
1270,0.714227,84.6,0.714227
1273,0.714114,84.8,0.714114
1276,0.712553,85,0.712553
1279,0.713349,85.2,0.713349
1282,0.712651,85.4,0.712651
1285,0.71388,85.6,0.71388
1288,0.711449,85.8,0.711449
1291,0.710318,86,0.710318
1294,0.709775,86.2,0.709775
1297,0.709463,86.4,0.709463
1300,0.708546,86.6,0.708546
1303,0.709128,86.8,0.709128
1306,0.710021,87,0.710021
1309,0.70958,87.2,0.70958
1312,0.70695,87.4,0.70695
1315,0.706135,87.6,0.706135
1318,0.706267,87.8,0.706267
1321,0.707048,88,0.707048
1324,0.708874,88.2,0.708874
1327,0.70784,88.4,0.70784
1330,0.706607,88.6,0.706607
1333,0.706822,88.8,0.706822
1336,0.70443,89,0.70443
1339,0.704426,89.2,0.704426
1342,0.705382,89.4,0.705382
1345,0.705432,89.6,0.705432
1348,0.707235,89.8,0.707235
1351,0.706119,90,0.706119
1354,0.706131,90.2,0.706131
1357,0.706037,90.4,0.706037
1360,0.707625,90.6,0.707625
1363,0.711004,90.8,0.711004
1366,0.71008,91,0.71008
1369,0.70896,91.2,0.70896
1372,0.70951,91.4,0.70951
1375,0.708047,91.6,0.708047
1378,0.708027,91.8,0.708027
1381,0.7096,92,0.7096
1384,0.709389,92.2,0.709389
1387,0.706884,92.4,0.706884
1390,0.706658,92.6,0.706658
1393,0.70649,92.8,0.70649
1396,0.707227,93,0.707227
1399,0.708039,93.2,0.708039
1402,0.708605,93.4,0.708605
1405,0.70944,93.6,0.70944
1408,0.710353,93.8,0.710353
1411,0.713283,94,0.713283
1414,0.714016,94.2,0.714016
1417,0.715367,94.4,0.715367
1420,0.715519,94.6,0.715519
1423,0.716549,94.8,0.716549
1426,0.718172,95,0.718172
1429,0.719463,95.2,0.719463
1432,0.719854,95.4,0.719854
1435,0.719218,95.6,0.719218
1438,0.720486,95.8,0.720486
1441,0.720392,96,0.720392
1444,0.720166,96.2,0.720166
1447,0.722144,96.4,0.722144
1450,0.722199,96.6,0.722199
1453,0.721953,96.8,0.721953
1456,0.723026,97,0.723026
1459,0.720486,97.2,0.720486
1462,0.719928,97.4,0.719928
1465,0.722628,97.6,0.722628
1468,0.722597,97.8,0.722597
1471,0.723116,98,0.723116
1474,0.72534,98.2,0.72534
1477,0.731902,98.4,0.731902
1480,0.735199,98.6,0.735199
1483,0.740018,98.8,0.740018
1486,0.744876,99,0.744876
1489,0.743764,99.2,0.743764
1492,0.745231,99.4,0.745231
1495,0.745727,99.6,0.745727
1498,0.750584,99.8,0.750584
1501,0.753831,100,0.753831
1504,0.749453,100.2,0.749453
1507,0.748801,100.4,0.748801
1510,0.748735,100.6,0.748735
1513,0.746839,100.8,0.746839
1516,0.745719,101,0.745719
1519,0.748235,101.2,0.748235
1522,0.749574,101.4,0.749574
1525,0.751731,101.6,0.751731
1528,0.755403,101.8,0.755403
1531,0.757467,102,0.757467
1534,0.760565,102.2,0.760565
1537,0.763714,102.4,0.763714
1540,0.76897,102.6,0.76897
1543,0.769957,102.8,0.769957
1546,0.776625,103,0.776625
1549,0.779021,103.2,0.779021
1552,0.773691,103.4,0.773691
1555,0.772263,103.6,0.772263
1558,0.776633,103.8,0.776633
1561,0.77444,104,0.77444
1564,0.769828,104.2,0.769828
1567,0.765852,104.4,0.765852
1570,0.768388,104.6,0.768388
1573,0.769855,104.8,0.769855
1576,0.770952,105,0.770952
1579,0.7692,105.2,0.7692
1582,0.769134,105.4,0.769134
1585,0.773234,105.6,0.773234
1588,0.781627,105.8,0.781627
1591,0.790059,106,0.790059
1594,0.783387,106.2,0.783387
1597,0.774776,106.4,0.774776
1600,0.76259,106.6,0.76259
1603,0.754229,106.8,0.754229
1606,0.75188,107,0.75188
1609,0.746304,107.2,0.746304
1612,0.749788,107.4,0.749788
1615,0.746265,107.6,0.746265
1618,0.743873,107.8,0.743873
1621,0.744966,108,0.744966
1624,0.748587,108.2,0.748587
1627,0.749117,108.4,0.749117
1630,0.746136,108.6,0.746136
1633,0.74353,108.8,0.74353
1636,0.735652,109,0.735652
1639,0.745734,109.2,0.745734
1642,0.740978,109.4,0.740978
1645,0.734232,109.6,0.734232
1648,0.729815,109.8,0.729815
1651,0.720306,110,0.720306
1654,0.719307,110.2,0.719307
1657,0.711714,110.4,0.711714
1660,0.717848,110.6,0.717848
1663,0.72722,110.8,0.72722
1666,0.738707,111,0.738707
1669,0.742582,111.2,0.742582
1672,0.744228,111.4,0.744228
1675,0.737361,111.6,0.737361
1678,0.726865,111.8,0.726865
1681,0.731227,112,0.731227
1684,0.731465,112.2,0.731465
1687,0.72955,112.4,0.72955
1690,0.733799,112.6,0.733799
1693,0.742843,112.8,0.742843
1696,0.744728,113,0.744728
1699,0.747365,113.2,0.747365
1702,0.742305,113.4,0.742305
1705,0.737767,113.6,0.737767
1708,0.745652,113.8,0.745652
1711,0.740841,114,0.740841
1714,0.741317,114.2,0.741317
1717,0.738489,114.4,0.738489
1720,0.742207,114.6,0.742207
1723,0.748368,114.8,0.748368
1726,0.759278,115,0.759278
1729,0.769672,115.2,0.769672
1732,0.760717,115.4,0.760717
1735,0.732952,115.6,0.732952
1738,0.695241,115.8,0.695241
1741,0.66755,116,0.66755
1744,0.647561,116.2,0.647561
1747,0.640022,116.4,0.640022
1750,0.559629,116.6,0.559629
1753,0.516487,116.8,0.516487
1756,0.497614,117,0.497614
1759,0.483907,117.2,0.483907
1762,0.459029,117.4,0.459029
1765,0.448377,117.6,0.448377
1768,0.459821,117.8,0.459821
1771,0.462849,118,0.462849
1774,0.48196,118.2,0.48196
1777,0.506089,118.4,0.506089
1780,0.51351,118.6,0.51351
1783,0.495437,118.8,0.495437
1786,0.471406,119,0.471406
1789,0.445736,119.2,0.445736
1792,0.412761,119.4,0.412761
1795,0.398399,119.6,0.398399
1798,0.393424,119.8,0.393424
1801,0.399983,120,0.399983
1804,0.41012,120.2,0.41012
1807,0.417338,120.4,0.417338
1810,0.424264,120.6,0.424264
1813,0.418583,120.8,0.418583
1816,0.418778,121,0.418778
1819,0.404712,121.2,0.404712
1822,0.396655,121.4,0.396655
1825,0.390927,121.6,0.390927
1828,0.380575,121.8,0.380575
1831,0.380505,122,0.380505
1834,0.379124,122.2,0.379124
1837,0.37379,122.4,0.37379
1840,0.374399,122.6,0.374399
1843,0.373544,122.8,0.373544
1846,0.367879,123,0.367879
1849,0.351499,123.2,0.351499
1852,0.338806,123.4,0.338806
1855,0.318474,123.6,0.318474
1858,0.305422,123.8,0.305422
1861,0.308934,124,0.308934
1864,0.314724,124.2,0.314724
1867,0.299386,124.4,0.299386
1870,0.280884,124.6,0.280884
1873,0.278672,124.8,0.278672
1876,0.297997,125,0.297997
1879,0.329516,125.2,0.329516
1882,0.346056,125.4,0.346056
1885,0.332095,125.6,0.332095
1888,0.341007,125.8,0.341007
1891,0.366232,126,0.366232
1894,0.386908,126.2,0.386908
1897,0.393791,126.4,0.393791
1900,0.412082,126.6,0.412082
1903,0.45707,126.8,0.45707
1906,0.505242,127,0.505242
1909,0.542419,127.2,0.542419
1912,0.571194,127.4,0.571194
1915,0.585456,127.6,0.585456
1918,0.589568,127.8,0.589568
1921,0.577476,128,0.577476
1924,0.568729,128.2,0.568729
1927,0.498293,128.4,0.498293
1930,0.448358,128.6,0.448358
1933,0.386416,128.8,0.386416
1936,0.360411,129,0.360411
1939,0.339704,129.2,0.339704
1942,0.335404,129.4,0.335404
1945,0.327924,129.6,0.327924
1948,0.316375,129.8,0.316375
1951,0.300362,130,0.300362
1954,0.285094,130.2,0.285094
1957,0.275921,130.4,0.275921
1960,0.264293,130.6,0.264293
1963,0.248401,130.8,0.248401
1966,0.23979,131,0.23979
1969,0.221908,131.2,0.221908
1972,0.206691,131.4,0.206691
1975,0.189827,131.6,0.189827
1978,0.170256,131.8,0.170256
1981,0.151308,132,0.151308
1984,0.144433,132.2,0.144433
1987,0.135295,132.4,0.135295
1990,0.133426,132.6,0.133426
1993,0.134613,132.8,0.134613
1996,0.133544,133,0.133544
1999,0.130418,133.2,0.130418
2002,0.147945,133.4,0.147945
2005,0.179472,133.6,0.179472
2008,0.214549,133.8,0.214549
2011,0.249482,134,0.249482
2014,0.292546,134.2,0.292546
2017,0.346161,134.4,0.346161
2020,0.38285,134.6,0.38285
2023,0.399015,134.8,0.399015
2026,0.456629,135,0.456629
2029,0.515001,135.2,0.515001
2032,0.552544,135.4,0.552544
2035,0.543211,135.6,0.543211
2038,0.523132,135.8,0.523132
2041,0.507146,136,0.507146
2044,0.408645,136.2,0.408645
2047,0.367496,136.4,0.367496
2050,0.334386,136.6,0.334386
2053,0.306316,136.8,0.306316
2056,0.291048,137,0.291048
2059,0.272128,137.2,0.272128
2062,0.23766,137.4,0.23766
2065,0.222419,137.6,0.222419
2068,0.216847,137.8,0.216847
2071,0.207857,138,0.207857
2074,0.200709,138.2,0.200709
2077,0.185637,138.4,0.185637
2080,0.176296,138.6,0.176296
2083,0.157278,138.8,0.157278
2086,0.139716,139,0.139716
2089,0.135104,139.2,0.135104
2092,0.134488,139.4,0.134488
2095,0.135537,139.6,0.135537
2098,0.140984,139.8,0.140984
2101,0.152936,140,0.152936
2104,0.17374,140.2,0.17374
2107,0.195797,140.4,0.195797
2110,0.227507,140.6,0.227507
2113,0.265815,140.8,0.265815
2116,0.320792,141,0.320792
2119,0.393303,141.2,0.393303
2122,0.439828,141.4,0.439828
2125,0.516737,141.6,0.516737
2128,0.600622,141.8,0.600622
2131,0.649668,142,0.649668
2134,0.678401,142.2,0.678401
2137,0.721309,142.4,0.721309
2140,0.727045,142.6,0.727045
2143,0.724762,142.8,0.724762
2146,0.718664,143,0.718664
2149,0.71443,143.2,0.71443
2152,0.669934,143.4,0.669934
2155,0.581277,143.6,0.581277
2158,0.471804,143.8,0.471804
2161,0.431229,144,0.431229
2164,0.445345,144.2,0.445345
2167,0.440889,144.4,0.440889
2170,0.436828,144.6,0.436828
2173,0.427311,144.8,0.427311
2176,0.382784,145,0.382784
2179,0.333972,145.2,0.333972
2182,0.27651,145.4,0.27651
2185,0.257477,145.6,0.257477
2188,0.232614,145.8,0.232614
2191,0.215673,146,0.215673
2194,0.194915,146.2,0.194915
2197,0.180404,146.4,0.180404
2200,0.167942,146.6,0.167942
2203,0.156147,146.8,0.156147
2206,0.147953,147,0.147953
2209,0.146404,147.2,0.146404
2212,0.139646,147.4,0.139646
2215,0.134195,147.6,0.134195
2218,0.129482,147.8,0.129482
2221,0.127394,148,0.127394
2224,0.127921,148.2,0.127921
2227,0.129068,148.4,0.129068
2230,0.12954,148.6,0.12954
2233,0.129501,148.8,0.129501
2236,0.129474,149,0.129474
2239,0.131042,149.2,0.131042
2242,0.131846,149.4,0.131846
2245,0.131885,149.6,0.131885
2248,0.130769,149.8,0.130769
2251,0.130797,150,0.130797
2254,0.131913,150.2,0.131913
2257,0.131265,150.4,0.131265
2260,0.132119,150.6,0.132119
2263,0.134394,150.8,0.134394
2266,0.134757,151,0.134757
2269,0.152011,151.2,0.152011
2272,0.168422,151.4,0.168422
2275,0.188458,151.6,0.188458
2278,0.202301,151.8,0.202301
2281,0.209918,152,0.209918
2284,0.209894,152.2,0.209894
2287,0.202621,152.4,0.202621
2290,0.20385,152.6,0.20385
2293,0.200764,152.8,0.200764
2296,0.190978,153,0.190978
2299,0.186159,153.2,0.186159
2302,0.202551,153.4,0.202551
2305,0.206351,153.6,0.206351
2308,0.206734,153.8,0.206734
2311,0.214892,154,0.214892
2314,0.214803,154.2,0.214803
2317,0.203538,154.4,0.203538
2320,0.19426,154.6,0.19426
2323,0.187962,154.8,0.187962
2326,0.183026,155,0.183026
2329,0.176581,155.2,0.176581
2332,0.169425,155.4,0.169425
2335,0.159428,155.6,0.159428
2338,0.149896,155.8,0.149896
2341,0.143321,156,0.143321
2344,0.138838,156.2,0.138838
2347,0.138089,156.4,0.138089
2350,0.143634,156.6,0.143634
2353,0.151859,156.8,0.151859
2356,0.148378,157,0.148378
2359,0.143559,157.2,0.143559
2362,0.136251,157.4,0.136251
2365,0.135202,157.6,0.135202
2368,0.134324,157.8,0.134324
2371,0.131148,158,0.131148
2374,0.130828,158.2,0.130828
2377,0.131249,158.4,0.131249
2380,0.128229,158.6,0.128229
2383,0.128935,158.8,0.128935
2386,0.148963,159,0.148963
2389,0.176748,159.2,0.176748
2392,0.212064,159.4,0.212064
2395,0.254492,159.6,0.254492
2398,0.268113,159.8,0.268113
2401,0.260797,160,0.260797
2404,0.232224,160.2,0.232224
2407,0.229048,160.4,0.229048
2410,0.218736,160.6,0.218736
2413,0.21142,160.8,0.21142
2416,0.194587,161,0.194587
2419,0.187435,161.2,0.187435
2422,0.176604,161.4,0.176604
2425,0.159331,161.6,0.159331
2428,0.147473,161.8,0.147473
2431,0.137281,162,0.137281
2434,0.140856,162.2,0.140856
2437,0.153513,162.4,0.153513
2440,0.157095,162.6,0.157095
2443,0.154137,162.8,0.154137
2446,0.155526,163,0.155526
2449,0.15457,163.2,0.15457
2452,0.144824,163.4,0.144824
2455,0.132591,163.6,0.132591
2458,0.144831,163.8,0.144831
2461,0.158562,164,0.158562
2464,0.161761,164.2,0.161761
2467,0.154438,164.4,0.154438
2470,0.15045,164.6,0.15045
2473,0.139607,164.8,0.139607
2476,0.135615,165,0.135615
2479,0.147773,165.2,0.147773
2482,0.148788,165.4,0.148788
2485,0.136696,165.6,0.136696
2488,0.131405,165.8,0.131405
2491,0.133419,166,0.133419
2494,0.135912,166.2,0.135912
2497,0.134605,166.4,0.134605
2500,0.135104,166.6,0.135104
2503,0.137652,166.8,0.137652
2506,0.137133,167,0.137133
2509,0.14434,167.2,0.14434
2512,0.160447,167.4,0.160447
2515,0.178231,167.6,0.178231
2518,0.179772,167.8,0.179772
2521,0.186222,168,0.186222
2524,0.203421,168.2,0.203421
2527,0.200226,168.4,0.200226
2530,0.196378,168.6,0.196378
2533,0.193651,168.8,0.193651
2536,0.189577,169,0.189577
2539,0.18136,169.2,0.18136
2542,0.174052,169.4,0.174052
2545,0.173034,169.6,0.173034
2548,0.173061,169.8,0.173061
2551,0.184318,170,0.184318
2554,0.186284,170.2,0.186284
2557,0.185504,170.4,0.185504
2560,0.173685,170.6,0.173685
2563,0.155714,170.8,0.155714
2566,0.142557,171,0.142557
2569,0.132045,171.2,0.132045
2572,0.12233,171.4,0.12233
2575,0.11867,171.6,0.11867
2578,0.117179,171.8,0.117179
2581,0.116996,172,0.116996
2584,0.116957,172.2,0.116957
2587,0.116083,172.4,0.116083
2590,0.115974,172.6,0.115974
2593,0.116235,172.8,0.116235
2596,0.115845,173,0.115845
2599,0.115646,173.2,0.115646
2602,0.115603,173.4,0.115603
2605,0.115665,173.6,0.115665
2608,0.115622,173.8,0.115622
2611,0.115146,174,0.115146
2614,0.114819,174.2,0.114819
2617,0.114944,174.4,0.114944
2620,0.114866,174.6,0.114866
2623,0.114807,174.8,0.114807
2626,0.125693,175,0.125693
2629,0.138448,175.2,0.138448
2632,0.151578,175.4,0.151578
2635,0.151203,175.6,0.151203
2638,0.155265,175.8,0.155265
2641,0.172718,176,0.172718
2644,0.19726,176.2,0.19726
2647,0.226208,176.4,0.226208
2650,0.250762,176.6,0.250762
2653,0.284817,176.8,0.284817
2656,0.304576,177,0.304576
2659,0.320105,177.2,0.320105
2662,0.327749,177.4,0.327749
2665,0.315458,177.6,0.315458
2668,0.295492,177.8,0.295492
2671,0.2944,178,0.2944
2674,0.292226,178.2,0.292226
2677,0.282296,178.4,0.282296
2680,0.290572,178.6,0.290572
2683,0.276693,178.8,0.276693
2686,0.244355,179,0.244355
2689,0.248725,179.2,0.248725
2692,0.25594,179.4,0.25594
2695,0.249392,179.6,0.249392
2698,0.240945,179.8,0.240945
2701,0.230472,180,0.230472
2704,0.216594,180.2,0.216594
2707,0.204744,180.4,0.204744
2710,0.193175,180.6,0.193175
2713,0.180287,180.8,0.180287
2716,0.181181,181,0.181181
2719,0.179589,181.2,0.179589
2722,0.172573,181.4,0.172573
2725,0.170388,181.6,0.170388
2728,0.174509,181.8,0.174509
2731,0.184392,182,0.184392
2734,0.191045,182.2,0.191045
2737,0.190974,182.4,0.190974
2740,0.196386,182.6,0.196386
2743,0.196484,182.8,0.196484
2746,0.190627,183,0.190627
2749,0.190225,183.2,0.190225
2752,0.18534,183.4,0.18534
2755,0.188305,183.6,0.188305
2758,0.190748,183.8,0.190748
2761,0.188426,184,0.188426
2764,0.191298,184.2,0.191298
2767,0.192422,184.4,0.192422
2770,0.194205,184.6,0.194205
2773,0.195149,184.8,0.195149
2776,0.193916,185,0.193916
2779,0.193296,185.2,0.193296
2782,0.192223,185.4,0.192223
2785,0.190752,185.6,0.190752
2788,0.187389,185.8,0.187389
2791,0.185047,186,0.185047
2794,0.182098,186.2,0.182098
2797,0.180853,186.4,0.180853
2800,0.178637,186.6,0.178637
2803,0.176108,186.8,0.176108
2806,0.176382,187,0.176382
2809,0.177782,187.2,0.177782
2812,0.178898,187.4,0.178898
2815,0.179835,187.6,0.179835
2818,0.180915,187.8,0.180915
2821,0.180623,188,0.180623
2824,0.181032,188.2,0.181032
2827,0.180564,188.4,0.180564
2830,0.18035,188.6,0.18035
2833,0.178777,188.8,0.178777
2836,0.17962,189,0.17962
2839,0.179074,189.2,0.179074
2842,0.178352,189.4,0.178352
2845,0.178773,189.6,0.178773
2848,0.178106,189.8,0.178106
2851,0.184271,190,0.184271
2854,0.190135,190.2,0.190135
2857,0.187806,190.4,0.187806
2860,0.183534,190.6,0.183534
2863,0.180436,190.8,0.180436
2866,0.18074,191,0.18074
2869,0.18177,191.2,0.18177
2872,0.183069,191.4,0.183069
2875,0.180876,191.6,0.180876
2878,0.178734,191.8,0.178734
2881,0.183471,192,0.183471
2884,0.189285,192.2,0.189285
2887,0.192995,192.4,0.192995
2890,0.193093,192.6,0.193093
2893,0.191821,192.8,0.191821
2896,0.191353,193,0.191353
2899,0.19202,193.2,0.19202
2902,0.191794,193.4,0.191794
2905,0.191622,193.6,0.191622
2908,0.192094,193.8,0.192094
2911,0.190541,194,0.190541
2914,0.191091,194.2,0.191091
2917,0.191774,194.4,0.191774
2920,0.191673,194.6,0.191673
2923,0.192324,194.8,0.192324
2926,0.192477,195,0.192477
2929,0.191579,195.2,0.191579
2932,0.191973,195.4,0.191973
2935,0.190662,195.6,0.190662
2938,0.191392,195.8,0.191392
2941,0.198509,196,0.198509
2944,0.206582,196.2,0.206582
2947,0.21604,196.4,0.21604
2950,0.230562,196.6,0.230562
2953,0.245518,196.8,0.245518
2956,0.262959,197,0.262959
2959,0.286432,197.2,0.286432
2962,0.339087,197.4,0.339087
2965,0.37221,197.6,0.37221
2968,0.413331,197.8,0.413331
2971,0.441284,198,0.441284
2974,0.485873,198.2,0.485873
2977,0.518493,198.4,0.518493
2980,0.536308,198.6,0.536308
2983,0.57867,198.8,0.57867
2986,0.646644,199,0.646644
2989,0.646285,199.2,0.646285
2992,0.67414,199.4,0.67414
2995,0.693809,199.6,0.693809
2998,0.712023,199.8,0.712023
3001,0.747233,200,0.747233
3004,0.769266,200.2,0.769266
3007,0.778693,200.4,0.778693
3010,0.779801,200.6,0.779801
3013,0.794421,200.8,0.794421
3016,0.797234,201,0.797234
3019,0.807516,201.2,0.807516
3022,0.807652,201.4,0.807652
3025,0.812623,201.6,0.812623
3028,0.816186,201.8,0.816186
3031,0.817801,202,0.817801
3034,0.820095,202.2,0.820095
3037,0.830704,202.4,0.830704
3040,0.829772,202.6,0.829772
3043,0.826463,202.8,0.826463
3046,0.826416,203,0.826416
3049,0.825565,203.2,0.825565
3052,0.825573,203.4,0.825573
3055,0.823892,203.6,0.823892
3058,0.818363,203.8,0.818363
3061,0.821059,204,0.821059
3064,0.814402,204.2,0.814402
3067,0.809217,204.4,0.809217
3070,0.80901,204.6,0.80901
3073,0.80823,204.8,0.80823
3076,0.808253,205,0.808253
3079,0.81045,205.2,0.81045
3082,0.811199,205.4,0.811199
3085,0.810044,205.6,0.810044
3088,0.811121,205.8,0.811121
3091,0.813033,206,0.813033
3094,0.812311,206.2,0.812311
3097,0.811101,206.4,0.811101
3100,0.809104,206.6,0.809104
3103,0.807246,206.8,0.807246
3106,0.805658,207,0.805658
3109,0.803949,207.2,0.803949
3112,0.802201,207.4,0.802201
3115,0.798861,207.6,0.798861
3118,0.800368,207.8,0.800368
3121,0.798452,208,0.798452
3124,0.796875,208.2,0.796875
3127,0.801125,208.4,0.801125
3130,0.803286,208.6,0.803286
3133,0.799646,208.8,0.799646
3136,0.802537,209,0.802537
3139,0.802104,209.2,0.802104
3142,0.799045,209.4,0.799045
3145,0.797804,209.6,0.797804
3148,0.798401,209.8,0.798401
3151,0.798323,210,0.798323
3154,0.797976,210.2,0.797976
3157,0.797831,210.4,0.797831
3160,0.79748,210.6,0.79748
3163,0.794893,210.8,0.794893
3166,0.794117,211,0.794117
3169,0.793578,211.2,0.793578
3172,0.793731,211.4,0.793731
3175,0.792626,211.6,0.792626
3178,0.791304,211.8,0.791304
3181,0.789723,212,0.789723
3184,0.788658,212.2,0.788658
3187,0.791577,212.4,0.791577
3190,0.790141,212.6,0.790141
3193,0.786118,212.8,0.786118
3196,0.785314,213,0.785314
3199,0.786797,213.2,0.786797
3202,0.785896,213.4,0.785896
3205,0.784807,213.6,0.784807
3208,0.784296,213.8,0.784296
3211,0.781647,214,0.781647
3214,0.780195,214.2,0.780195
3217,0.78032,214.4,0.78032
3220,0.779231,214.6,0.779231
3223,0.777803,214.8,0.777803
3226,0.776204,215,0.776204
3229,0.775548,215.2,0.775548
3232,0.774647,215.4,0.774647
3235,0.773726,215.6,0.773726
3238,0.77284,215.8,0.77284
3241,0.772087,216,0.772087
3244,0.771857,216.2,0.771857
3247,0.770956,216.4,0.770956
3250,0.770011,216.6,0.770011
3253,0.76991,216.8,0.76991
3256,0.769836,217,0.769836
3259,0.768232,217.2,0.768232
3262,0.770893,217.4,0.770893
3265,0.768864,217.6,0.768864
3268,0.769922,217.8,0.769922
3271,0.76904,218,0.76904
3274,0.768661,218.2,0.768661
3277,0.77016,218.4,0.77016
3280,0.771365,218.6,0.771365
3283,0.772493,218.8,0.772493
3286,0.778802,219,0.778802
3289,0.780363,219.2,0.780363
3292,0.780414,219.4,0.780414
3295,0.779325,219.6,0.779325
3298,0.779126,219.8,0.779126
3301,0.780102,220,0.780102
3304,0.779614,220.2,0.779614
3307,0.780086,220.4,0.780086
3310,0.779996,220.6,0.779996
3313,0.782099,220.8,0.782099
3316,0.781573,221,0.781573
3319,0.782107,221.2,0.782107
3322,0.781241,221.4,0.781241
3325,0.780738,221.6,0.780738
3328,0.783551,221.8,0.783551
3331,0.784031,222,0.784031
3334,0.783395,222.2,0.783395
3337,0.782345,222.4,0.782345
3340,0.781986,222.6,0.781986
3343,0.782411,222.8,0.782411
3346,0.781666,223,0.781666
3349,0.781089,223.2,0.781089
3352,0.78062,223.4,0.78062
3355,0.781494,223.6,0.781494
3358,0.780968,223.8,0.780968
3361,0.781054,224,0.781054
3364,0.781311,224.2,0.781311
3367,0.78096,224.4,0.78096
3370,0.781225,224.6,0.781225
3373,0.782298,224.8,0.782298
3376,0.782216,225,0.782216
3379,0.782486,225.2,0.782486
3382,0.782583,225.4,0.782583
3385,0.782887,225.6,0.782887
3388,0.781896,225.8,0.781896
3391,0.782942,226,0.782942
3394,0.782037,226.2,0.782037
3397,0.781475,226.4,0.781475
3400,0.78183,226.6,0.78183
3403,0.78245,226.8,0.78245
3406,0.783122,227,0.783122
3409,0.78343,227.2,0.78343
3412,0.783488,227.4,0.783488
3415,0.784608,227.6,0.784608
3418,0.783785,227.8,0.783785
3421,0.783687,228,0.783687
3424,0.783609,228.2,0.783609
3427,0.783395,228.4,0.783395
3430,0.783133,228.6,0.783133
3433,0.784522,228.8,0.784522
3436,0.799743,229,0.799743
3439,0.799533,229.2,0.799533
3442,0.799544,229.4,0.799544
3445,0.7989,229.6,0.7989
3448,0.799548,229.8,0.799548
3451,0.799353,230,0.799353
3454,0.800137,230.2,0.800137
3457,0.80025,230.4,0.80025
3460,0.800067,230.6,0.800067
3463,0.802127,230.8,0.802127
3466,0.802073,231,0.802073
3469,0.80114,231.2,0.80114
3472,0.800957,231.4,0.800957
3475,0.800648,231.6,0.800648
3478,0.800516,231.8,0.800516
3481,0.800399,232,0.800399
3484,0.800239,232.2,0.800239
3487,0.80075,232.4,0.80075
3490,0.800535,232.6,0.800535
3493,0.799962,232.8,0.799962
3496,0.799931,233,0.799931
3499,0.799899,233.2,0.799899
3502,0.80025,233.4,0.80025
3505,0.799907,233.6,0.799907
3508,0.800254,233.8,0.800254
3511,0.800442,234,0.800442
3514,0.799853,234.2,0.799853
3517,0.799521,234.4,0.799521
3520,0.801004,234.6,0.801004
3523,0.801952,234.8,0.801952
3526,0.80267,235,0.80267
3529,0.80313,235.2,0.80313
3532,0.802533,235.4,0.802533
3535,0.801718,235.6,0.801718
3538,0.801257,235.8,0.801257
3541,0.800906,236,0.800906
3544,0.800141,236.2,0.800141
3547,0.8002,236.4,0.8002
3550,0.800024,236.6,0.800024
3553,0.79979,236.8,0.79979
3556,0.799595,237,0.799595
3559,0.799673,237.2,0.799673
3562,0.799821,237.4,0.799821
3565,0.79979,237.6,0.79979
3568,0.800836,237.8,0.800836
3571,0.799127,238,0.799127
3574,0.798924,238.2,0.798924
3577,0.798694,238.4,0.798694
3580,0.799142,238.6,0.799142
3583,0.799423,238.8,0.799423
3586,0.799435,239,0.799435
3589,0.799618,239.2,0.799618
3592,0.799435,239.4,0.799435
3595,0.800325,239.6,0.800325
3598,0.800055,239.8,0.800055
3601,0.799158,240,0.799158
3604,0.79819,240.2,0.79819
3607,0.798596,240.4,0.798596
3610,0.799279,240.6,0.799279
3613,0.800317,240.8,0.800317
3616,0.801991,241,0.801991
3619,0.801889,241.2,0.801889
3622,0.80251,241.4,0.80251
3625,0.803653,241.6,0.803653
3628,0.803298,241.8,0.803298
3631,0.804105,242,0.804105
3634,0.804831,242.2,0.804831
3637,0.804539,242.4,0.804539
3640,0.805916,242.6,0.805916
3643,0.806365,242.8,0.806365
3646,0.805307,243,0.805307
3649,0.805709,243.2,0.805709
3652,0.805861,243.4,0.805861
3655,0.804929,243.6,0.804929
3658,0.804905,243.8,0.804905
3661,0.804328,244,0.804328
3664,0.803567,244.2,0.803567
3667,0.803411,244.4,0.803411
3670,0.802073,244.6,0.802073
3673,0.801803,244.8,0.801803
3676,0.800914,245,0.800914
3679,0.801522,245.2,0.801522
3682,0.802119,245.4,0.802119
3685,0.802205,245.6,0.802205
3688,0.802502,245.8,0.802502
3691,0.802576,246,0.802576
3694,0.802517,246.2,0.802517
3697,0.802412,246.4,0.802412
3700,0.802112,246.6,0.802112
3703,0.802549,246.8,0.802549
3706,0.802494,247,0.802494
3709,0.802611,247.2,0.802611
3712,0.802357,247.4,0.802357
3715,0.802096,247.6,0.802096
3718,0.801975,247.8,0.801975
3721,0.799677,248,0.799677
3724,0.799654,248.2,0.799654
3727,0.799201,248.4,0.799201
3730,0.798998,248.6,0.798998
3733,0.798936,248.8,0.798936
3736,0.79899,249,0.79899
3739,0.798858,249.2,0.798858
3742,0.798272,249.4,0.798272
3745,0.798151,249.6,0.798151
3748,0.79787,249.8,0.79787
3751,0.798225,250,0.798225
3754,0.797671,250.2,0.797671
3757,0.797484,250.4,0.797484
3760,0.796275,250.6,0.796275
3763,0.794589,250.8,0.794589
3766,0.793044,251,0.793044
3769,0.790738,251.2,0.790738
3772,0.787995,251.4,0.787995
3775,0.789852,251.6,0.789852
3778,0.78915,251.8,0.78915
3781,0.789271,252,0.789271
3784,0.789341,252.2,0.789341
3787,0.789048,252.4,0.789048
3790,0.788767,252.6,0.788767
3793,0.788155,252.8,0.788155
3796,0.788182,253,0.788182
3799,0.786602,253.2,0.786602
3802,0.785736,253.4,0.785736
3805,0.785104,253.6,0.785104
3808,0.784319,253.8,0.784319
3811,0.786594,254,0.786594
3814,0.7894,254.2,0.7894
3817,0.791581,254.4,0.791581
3820,0.803715,254.6,0.803715
3823,0.803637,254.8,0.803637
3826,0.80322,255,0.80322
3829,0.802954,255.2,0.802954
3832,0.80272,255.4,0.80272
3835,0.802572,255.6,0.802572
3838,0.802291,255.8,0.802291
3841,0.802201,256,0.802201
3844,0.801764,256.2,0.801764
3847,0.801702,256.4,0.801702
3850,0.802045,256.6,0.802045
3853,0.801464,256.8,0.801464
3856,0.800508,257,0.800508
3859,0.799217,257.2,0.799217
3862,0.798982,257.4,0.798982
3865,0.798873,257.6,0.798873
3868,0.799248,257.8,0.799248
3871,0.800001,258,0.800001
3874,0.800379,258.2,0.800379
3877,0.801109,258.4,0.801109
3880,0.802096,258.6,0.802096
3883,0.801339,258.8,0.801339
3886,0.800414,259,0.800414
3889,0.800434,259.2,0.800434
3892,0.800247,259.4,0.800247
3895,0.8013,259.6,0.8013
3898,0.801698,259.8,0.801698
3901,0.799154,260,0.799154
3904,0.801191,260.2,0.801191
3907,0.802268,260.4,0.802268
3910,0.801854,260.6,0.801854
3913,0.801476,260.8,0.801476
3916,0.801245,261,0.801245
3919,0.800715,261.2,0.800715
3922,0.800243,261.4,0.800243
3925,0.800434,261.6,0.800434
3928,0.801027,261.8,0.801027
3931,0.800481,262,0.800481
3934,0.801284,262.2,0.801284
3937,0.801745,262.4,0.801745
3940,0.801359,262.6,0.801359
3943,0.80201,262.8,0.80201
3946,0.803329,263,0.803329
3949,0.80336,263.2,0.80336
3952,0.803286,263.4,0.803286
3955,0.80377,263.6,0.80377
3958,0.803672,263.8,0.803672
3961,0.803235,264,0.803235
3964,0.802931,264.2,0.802931
3967,0.802873,264.4,0.802873
3970,0.804312,264.6,0.804312
3973,0.804609,264.8,0.804609
3976,0.803988,265,0.803988
3979,0.803891,265.2,0.803891
3982,0.801839,265.4,0.801839
3985,0.800231,265.6,0.800231
3988,0.801082,265.8,0.801082
3991,0.804156,266,0.804156
3994,0.804539,266.2,0.804539
3997,0.805479,266.4,0.805479
4000,0.804796,266.6,0.804796
4003,0.803805,266.8,0.803805
4006,0.803001,267,0.803001
4009,0.802802,267.2,0.802802
4012,0.803068,267.4,0.803068
4015,0.803286,267.6,0.803286
4018,0.80331,267.8,0.80331
4021,0.80384,268,0.80384
4024,0.80338,268.2,0.80338
4027,0.803009,268.4,0.803009
4030,0.800769,268.6,0.800769
4033,0.801062,268.8,0.801062
4036,0.803189,269,0.803189
4039,0.803181,269.2,0.803181
4042,0.804542,269.4,0.804542
4045,0.805467,269.6,0.805467
4048,0.805237,269.8,0.805237
4051,0.804242,270,0.804242
4054,0.805011,270.2,0.805011
4057,0.805249,270.4,0.805249
4060,0.804515,270.6,0.804515
4063,0.804269,270.8,0.804269
4066,0.804851,271,0.804851
4069,0.80496,271.2,0.80496
4072,0.808838,271.4,0.808838
4075,0.808292,271.6,0.808292
4078,0.806813,271.8,0.806813
4081,0.805635,272,0.805635
4084,0.805389,272.2,0.805389
4087,0.805182,272.4,0.805182
4090,0.805366,272.6,0.805366
4093,0.805245,272.8,0.805245
4096,0.806052,273,0.806052
4099,0.805358,273.2,0.805358
4102,0.804718,273.4,0.804718
4105,0.804156,273.6,0.804156
4108,0.803497,273.8,0.803497
4111,0.803142,274,0.803142
4114,0.803278,274.2,0.803278
4117,0.802677,274.4,0.802677
4120,0.802744,274.6,0.802744
4123,0.802615,274.8,0.802615
4126,0.802237,275,0.802237
4129,0.801476,275.2,0.801476
4132,0.800422,275.4,0.800422
4135,0.800208,275.6,0.800208
4138,0.80034,275.8,0.80034
4141,0.80098,276,0.80098
4144,0.802034,276.2,0.802034
4147,0.804636,276.4,0.804636
4150,0.804964,276.6,0.804964
4153,0.804757,276.8,0.804757
4156,0.802939,277,0.802939
4159,0.8024,277.2,0.8024
4162,0.800414,277.4,0.800414
4165,0.79835,277.6,0.79835
4168,0.797008,277.8,0.797008
4171,0.795213,278,0.795213
4174,0.79409,278.2,0.79409
4177,0.793633,278.4,0.793633
4180,0.792158,278.6,0.792158
4183,0.787328,278.8,0.787328
4186,0.791304,279,0.791304
4189,0.792841,279.2,0.792841
4192,0.79414,279.4,0.79414
4195,0.798432,279.6,0.798432
4198,0.802065,279.8,0.802065
4201,0.804488,280,0.804488
4204,0.800719,280.2,0.800719
4207,0.797028,280.4,0.797028
4210,0.798042,280.6,0.798042
4213,0.797788,280.8,0.797788
4216,0.798253,281,0.798253
4219,0.7997,281.2,0.7997
4222,0.804675,281.4,0.804675
4225,0.809057,281.6,0.809057
4228,0.81402,281.8,0.81402
4231,0.818573,282,0.818573
4234,0.821968,282.2,0.821968
4237,0.826806,282.4,0.826806
4240,0.831098,282.6,0.831098
4243,0.829912,282.8,0.829912
4246,0.828336,283,0.828336
4249,0.820485,283.2,0.820485
4252,0.806177,283.4,0.806177
4255,0.794616,283.6,0.794616
4258,0.785408,283.8,0.785408
4261,0.778439,284,0.778439
4264,0.777082,284.2,0.777082
4267,0.777905,284.4,0.777905
4270,0.780332,284.6,0.780332
4273,0.789158,284.8,0.789158
4276,0.798116,285,0.798116
4279,0.806661,285.2,0.806661
4282,0.814289,285.4,0.814289
4285,0.828624,285.6,0.828624
4288,0.831005,285.8,0.831005
4291,0.82731,286,0.82731
4294,0.824582,286.2,0.824582
4297,0.811078,286.4,0.811078
4300,0.802022,286.6,0.802022
4303,0.796462,286.8,0.796462
4306,0.790192,287,0.790192
4309,0.785334,287.2,0.785334
4312,0.790984,287.4,0.790984
4315,0.789961,287.6,0.789961
4318,0.77904,287.8,0.77904
4321,0.770199,288,0.770199
4324,0.762785,288.2,0.762785
4327,0.754783,288.4,0.754783
4330,0.741126,288.6,0.741126
4333,0.73598,288.8,0.73598
4336,0.730443,289,0.730443
4339,0.723599,289.2,0.723599
4342,0.714711,289.4,0.714711
4345,0.689732,289.6,0.689732
4348,0.683067,289.8,0.683067
4351,0.678104,290,0.678104
4354,0.683672,290.2,0.683672
4357,0.683898,290.4,0.683898
4360,0.69304,290.6,0.69304
4363,0.693068,290.8,0.693068
4366,0.692377,291,0.692377
4369,0.693501,291.2,0.693501
4372,0.697652,291.4,0.697652
4375,0.711246,291.6,0.711246
4378,0.716299,291.8,0.716299
4381,0.71063,292,0.71063
4384,0.720962,292.2,0.720962
4387,0.716159,292.4,0.716159
4390,0.719631,292.6,0.719631
4393,0.725898,292.8,0.725898
4396,0.691327,293,0.691327
4399,0.681089,293.2,0.681089
4402,0.661131,293.4,0.661131
4405,0.636636,293.6,0.636636
4408,0.610068,293.8,0.610068
4411,0.559274,294,0.559274
4414,0.559684,294.2,0.559684
4417,0.585616,294.4,0.585616
4420,0.617864,294.6,0.617864
4423,0.653207,294.8,0.653207
4426,0.66286,295,0.66286
4429,0.652902,295.2,0.652902
4432,0.643741,295.4,0.643741
4435,0.626226,295.6,0.626226
4438,0.608574,295.8,0.608574
4441,0.600388,296,0.600388
4444,0.601145,296.2,0.601145
4447,0.584917,296.4,0.584917
4450,0.588803,296.6,0.588803
4453,0.577808,296.8,0.577808
4456,0.570168,297,0.570168
4459,0.557316,297.2,0.557316
4462,0.558482,297.4,0.558482
4465,0.569669,297.6,0.569669
4468,0.582701,297.8,0.582701
4471,0.579833,298,0.579833
4474,0.590555,298.2,0.590555
4477,0.587988,298.4,0.587988
4480,0.571698,298.6,0.571698
4483,0.573262,298.8,0.573262
4486,0.586111,299,0.586111
4489,0.580777,299.2,0.580777
4492,0.593041,299.4,0.593041
4495,0.591496,299.6,0.591496
4498,0.612924,299.8,0.612924
4501,0.623073,300,0.623073
4504,0.639082,300.2,0.639082
4507,0.668993,300.4,0.668993
4510,0.688901,300.6,0.688901
4513,0.710161,300.8,0.710161
4516,0.740225,301,0.740225
4519,0.758532,301.2,0.758532
4522,0.771412,301.4,0.771412
4525,0.77348,301.6,0.77348
4528,0.760713,301.8,0.760713
4531,0.775443,302,0.775443
4534,0.78295,302.2,0.78295
4537,0.784487,302.4,0.784487
4540,0.784253,302.6,0.784253
4543,0.787417,302.8,0.787417
4546,0.783566,303,0.783566
4549,0.782064,303.2,0.782064
4552,0.779235,303.4,0.779235
4555,0.77396,303.6,0.77396
4558,0.757584,303.8,0.757584
4561,0.745118,304,0.745118
4564,0.730178,304.2,0.730178
4567,0.698128,304.4,0.698128
4570,0.695877,304.6,0.695877
4573,0.66055,304.8,0.66055
4576,0.650152,305,0.650152
4579,0.646788,305.2,0.646788
4582,0.623873,305.4,0.623873
4585,0.613826,305.6,0.613826
4588,0.597828,305.8,0.597828
4591,0.587286,306,0.587286
4594,0.607509,306.2,0.607509
4597,0.628422,306.4,0.628422
4600,0.626136,306.6,0.626136
4603,0.615265,306.8,0.615265
4606,0.612296,307,0.612296
4609,0.614372,307.2,0.614372
4612,0.618754,307.4,0.618754
4615,0.631185,307.6,0.631185
4618,0.633686,307.8,0.633686
4621,0.649496,308,0.649496
4624,0.63712,308.2,0.63712
4627,0.622339,308.4,0.622339
4630,0.606042,308.6,0.606042
4633,0.589673,308.8,0.589673
4636,0.585737,309,0.585737
4639,0.611243,309.2,0.611243
4642,0.632437,309.4,0.632437
4645,0.63367,309.6,0.63367
4648,0.637244,309.8,0.637244
4651,0.641556,310,0.641556
4654,0.654174,310.2,0.654174
4657,0.673387,310.4,0.673387
4660,0.686977,310.6,0.686977
4663,0.683937,310.8,0.683937
4666,0.672091,311,0.672091
4669,0.667124,311.2,0.667124
4672,0.658115,311.4,0.658115
4675,0.651919,311.6,0.651919
4678,0.621485,311.8,0.621485
4681,0.560418,312,0.560418
4684,0.552899,312.2,0.552899
4687,0.526729,312.4,0.526729
4690,0.517049,312.6,0.517049
4693,0.501777,312.8,0.501777
4696,0.489771,313,0.489771
4699,0.490193,313.2,0.490193
4702,0.497836,313.4,0.497836
4705,0.495952,313.6,0.495952
4708,0.503896,313.8,0.503896
4711,0.524697,314,0.524697
4714,0.564963,314.2,0.564963
4717,0.569567,314.4,0.569567
4720,0.617478,314.6,0.617478
4723,0.615745,314.8,0.615745
4726,0.62488,315,0.62488
4729,0.641384,315.2,0.641384
4732,0.637638,315.4,0.637638
4735,0.64465,315.6,0.64465
4738,0.655111,315.8,0.655111
4741,0.6355,316,0.6355
4744,0.632445,316.2,0.632445
4747,0.543398,316.4,0.543398
4750,0.474984,316.6,0.474984
4753,0.448814,316.8,0.448814
4756,0.370575,317,0.370575
4759,0.328115,317.2,0.328115
4762,0.2885,317.4,0.2885
4765,0.271082,317.6,0.271082
4768,0.258148,317.8,0.258148
4771,0.255655,318,0.255655
4774,0.251792,318.2,0.251792
4777,0.243368,318.4,0.243368
4780,0.231705,318.6,0.231705
4783,0.212661,318.8,0.212661
4786,0.200694,319,0.200694
4789,0.192633,319.2,0.192633
4792,0.180549,319.4,0.180549
4795,0.161469,319.6,0.161469
4798,0.148936,319.8,0.148936
4801,0.140969,320,0.140969
4804,0.133485,320.2,0.133485
4807,0.131257,320.4,0.131257
4810,0.131089,320.6,0.131089
4813,0.129103,320.8,0.129103
4816,0.127636,321,0.127636
4819,0.127324,321.2,0.127324
4822,0.12455,321.4,0.12455
4825,0.125155,321.6,0.125155
4828,0.125478,321.8,0.125478
4831,0.125248,322,0.125248
4834,0.124963,322.2,0.124963
4837,0.124519,322.4,0.124519
4840,0.123485,322.6,0.123485
4843,0.122735,322.8,0.122735
4846,0.122615,323,0.122615
4849,0.122306,323.2,0.122306
4852,0.122248,323.4,0.122248
4855,0.121604,323.6,0.121604
4858,0.121491,323.8,0.121491
4861,0.120753,324,0.120753
4864,0.12039,324.2,0.12039
4867,0.12027,324.4,0.12027
4870,0.120117,324.6,0.120117
4873,0.120262,324.8,0.120262
4876,0.120847,325,0.120847
4879,0.120742,325.2,0.120742
4882,0.121304,325.4,0.121304
4885,0.121241,325.6,0.121241
4888,0.121444,325.8,0.121444
4891,0.122021,326,0.122021
4894,0.122127,326.2,0.122127
4897,0.123883,326.4,0.123883
4900,0.12542,326.6,0.12542
4903,0.128951,326.8,0.128951
4906,0.131273,327,0.131273
4909,0.128288,327.2,0.128288
4912,0.124265,327.4,0.124265
4915,0.120449,327.6,0.120449
4918,0.131234,327.8,0.131234
4921,0.151952,328,0.151952
4924,0.161816,328.2,0.161816
4927,0.160692,328.4,0.160692
4930,0.173592,328.6,0.173592
4933,0.195329,328.8,0.195329
4936,0.213164,329,0.213164
4939,0.2297,329.2,0.2297
4942,0.248682,329.4,0.248682
4945,0.26132,329.6,0.26132
4948,0.267247,329.8,0.267247
4951,0.259322,330,0.259322
4954,0.248218,330.2,0.248218
4957,0.230133,330.4,0.230133
4960,0.210495,330.6,0.210495
4963,0.195118,330.8,0.195118
4966,0.193034,331,0.193034
4969,0.200073,331.2,0.200073
4972,0.203624,331.4,0.203624
4975,0.218357,331.6,0.218357
4978,0.218525,331.8,0.218525
4981,0.205591,332,0.205591
4984,0.1882,332.2,0.1882
4987,0.182671,332.4,0.182671
4990,0.174376,332.6,0.174376
4993,0.174571,332.8,0.174571
4996,0.169612,333,0.169612
4999,0.16928,333.2,0.16928
5002,0.17262,333.4,0.17262
5005,0.17683,333.6,0.17683
5008,0.182039,333.8,0.182039
5011,0.178988,334,0.178988
5014,0.172304,334.2,0.172304
5017,0.167134,334.4,0.167134
5020,0.163513,334.6,0.163513
5023,0.1642,334.8,0.1642
5026,0.156978,335,0.156978
5029,0.149057,335.2,0.149057
5032,0.137422,335.4,0.137422
5035,0.131503,335.6,0.131503
5038,0.131756,335.8,0.131756
5041,0.129595,336,0.129595
5044,0.129072,336.2,0.129072
5047,0.143731,336.4,0.143731
5050,0.164087,336.6,0.164087
5053,0.188625,336.8,0.188625
5056,0.216071,337,0.216071
5059,0.25123,337.2,0.25123
5062,0.282121,337.4,0.282121
5065,0.328049,337.6,0.328049
5068,0.352069,337.8,0.352069
5071,0.380458,338,0.380458
5074,0.407619,338.2,0.407619
5077,0.434459,338.4,0.434459
5080,0.451378,338.6,0.451378
5083,0.45471,338.8,0.45471
5086,0.430764,339,0.430764
5089,0.361335,339.2,0.361335
5092,0.305422,339.4,0.305422
5095,0.26919,339.6,0.26919
5098,0.255936,339.8,0.255936
5101,0.240676,340,0.240676
5104,0.211385,340.2,0.211385
5107,0.185703,340.4,0.185703
5110,0.156373,340.6,0.156373
5113,0.155003,340.8,0.155003
5116,0.162011,341,0.162011
5119,0.166377,341.2,0.166377
5122,0.152108,341.4,0.152108
5125,0.145085,341.6,0.145085
5128,0.130711,341.8,0.130711
5131,0.116813,342,0.116813
5134,0.10865,342.2,0.10865
5137,0.106371,342.4,0.106371
5140,0.105825,342.6,0.105825
5143,0.10545,342.8,0.10545
5146,0.10545,343,0.10545
5149,0.105677,343.2,0.105677
5152,0.105806,343.4,0.105806
5155,0.105923,343.6,0.105923
5158,0.105841,343.8,0.105841
5161,0.106683,344,0.106683
5164,0.106738,344.2,0.106738
5167,0.106523,344.4,0.106523
5170,0.106215,344.6,0.106215
5173,0.106258,344.8,0.106258
5176,0.10627,345,0.10627
5179,0.10627,345.2,0.10627
5182,0.106473,345.4,0.106473
5185,0.106746,345.6,0.106746
5188,0.106781,345.8,0.106781
5191,0.106707,346,0.106707
5194,0.106426,346.2,0.106426
5197,0.107003,346.4,0.107003
5200,0.106859,346.6,0.106859
5203,0.106508,346.8,0.106508
5206,0.106402,347,0.106402
5209,0.106512,347.2,0.106512
5212,0.10657,347.4,0.10657
5215,0.106555,347.6,0.106555
5218,0.106434,347.8,0.106434
5221,0.107667,348,0.107667
5224,0.107756,348.2,0.107756
5227,0.107959,348.4,0.107959
5230,0.107358,348.6,0.107358
5233,0.107534,348.8,0.107534
5236,0.107394,349,0.107394
5239,0.107175,349.2,0.107175
5242,0.107163,349.4,0.107163
5245,0.107483,349.6,0.107483
5248,0.107405,349.8,0.107405
5251,0.10714,350,0.10714
5254,0.10691,350.2,0.10691
5257,0.109504,350.4,0.109504
5260,0.124308,350.6,0.124308
5263,0.135518,350.8,0.135518
5266,0.146911,351,0.146911
5269,0.15841,351.2,0.15841
5272,0.1739,351.4,0.1739
5275,0.171017,351.6,0.171017
5278,0.168871,351.8,0.168871
5281,0.171715,352,0.171715
5284,0.171844,352.2,0.171844
5287,0.172979,352.4,0.172979
5290,0.186596,352.6,0.186596
5293,0.214171,352.8,0.214171
5296,0.245362,353,0.245362
5299,0.287509,353.2,0.287509
5302,0.318029,353.4,0.318029
5305,0.361488,353.6,0.361488
5308,0.383603,353.8,0.383603
5311,0.399686,354,0.399686
5314,0.406245,354.2,0.406245
5317,0.399862,354.4,0.399862
5320,0.382062,354.6,0.382062
5323,0.381843,354.8,0.381843
5326,0.372186,355,0.372186
5329,0.349509,355.2,0.349509
5332,0.327319,355.4,0.327319
5335,0.307791,355.6,0.307791
5338,0.310713,355.8,0.310713
5341,0.317432,356,0.317432
5344,0.325587,356.2,0.325587
5347,0.327663,356.4,0.327663
5350,0.331494,356.6,0.331494
5353,0.333207,356.8,0.333207
5356,0.338615,357,0.338615
5359,0.343356,357.2,0.343356
5362,0.360621,357.4,0.360621
5365,0.35288,357.6,0.35288
5368,0.333547,357.8,0.333547
5371,0.3149,358,0.3149
5374,0.301251,358.2,0.301251
5377,0.288875,358.4,0.288875
5380,0.286604,358.6,0.286604
5383,0.280763,358.8,0.280763
5386,0.284005,359,0.284005
5389,0.293432,359.2,0.293432
5392,0.300756,359.4,0.300756
5395,0.302824,359.6,0.302824
5398,0.309223,359.8,0.309223
5401,0.311224,360,0.311224
5404,0.311607,360.2,0.311607
5407,0.310186,360.4,0.310186
5410,0.309004,360.6,0.309004
5413,0.302043,360.8,0.302043
5416,0.299047,361,0.299047
5419,0.307291,361.2,0.307291
5422,0.31181,361.4,0.31181
5425,0.323258,361.6,0.323258
5428,0.32767,361.8,0.32767
5431,0.335708,362,0.335708
5434,0.338514,362.2,0.338514
5437,0.346208,362.4,0.346208
5440,0.357675,362.6,0.357675
5443,0.3667,362.8,0.3667
5446,0.374235,363,0.374235
5449,0.387384,363.2,0.387384
5452,0.39795,363.4,0.39795
5455,0.400791,363.6,0.400791
5458,0.401848,363.8,0.401848
5461,0.402628,364,0.402628
5464,0.408028,364.2,0.408028
5467,0.411029,364.4,0.411029
5470,0.42364,364.6,0.42364
5473,0.420499,364.8,0.420499
5476,0.420479,365,0.420479
5479,0.428521,365.2,0.428521
5482,0.439742,365.4,0.439742
5485,0.449618,365.6,0.449618
5488,0.459794,365.8,0.459794
5491,0.465432,366,0.465432
5494,0.469685,366.2,0.469685
5497,0.493732,366.4,0.493732
5500,0.518145,366.6,0.518145
5503,0.574347,366.8,0.574347
5506,0.592853,367,0.592853
5509,0.6155,367.2,0.6155
5512,0.624415,367.4,0.624415
5515,0.627361,367.6,0.627361
5518,0.629546,367.8,0.629546
5521,0.64188,368,0.64188
5524,0.641778,368.2,0.641778
5527,0.638661,368.4,0.638661
5530,0.643733,368.6,0.643733
5533,0.651915,368.8,0.651915
5536,0.663418,369,0.663418
5539,0.665611,369.2,0.665611
5542,0.665419,369.4,0.665419
5545,0.681912,369.6,0.681912
5548,0.681729,369.8,0.681729
5551,0.676781,370,0.676781
5554,0.672552,370.2,0.672552
5557,0.667967,370.4,0.667967
5560,0.665384,370.6,0.665384
5563,0.659653,370.8,0.659653
5566,0.659165,371,0.659165
5569,0.651697,371.2,0.651697
5572,0.650518,371.4,0.650518
5575,0.652075,371.6,0.652075
5578,0.652372,371.8,0.652372
5581,0.644186,372,0.644186
5584,0.648946,372.2,0.648946
5587,0.651252,372.4,0.651252
5590,0.675158,372.6,0.675158
5593,0.682197,372.8,0.682197
5596,0.701234,373,0.701234
5599,0.699014,373.2,0.699014
5602,0.699724,373.4,0.699724
5605,0.699197,373.6,0.699197
5608,0.698784,373.8,0.698784
5611,0.697875,374,0.697875
5614,0.695179,374.2,0.695179
5617,0.69418,374.4,0.69418
5620,0.698105,374.6,0.698105
5623,0.696696,374.8,0.696696
5626,0.695335,375,0.695335
5629,0.69528,375.2,0.69528
5632,0.69409,375.4,0.69409
5635,0.694277,375.6,0.694277
5638,0.69551,375.8,0.69551
5641,0.69528,376,0.69528
5644,0.696669,376.2,0.696669
5647,0.711621,376.4,0.711621
5650,0.711441,376.6,0.711441
5653,0.70935,376.8,0.70935
5656,0.707013,377,0.707013
5659,0.7064,377.2,0.7064
5662,0.706084,377.4,0.706084
5665,0.706076,377.6,0.706076
5668,0.706283,377.8,0.706283
5671,0.710056,378,0.710056
5674,0.70917,378.2,0.70917
5677,0.708644,378.4,0.708644
5680,0.708476,378.6,0.708476
5683,0.707411,378.8,0.707411
5686,0.704059,379,0.704059
5689,0.702838,379.2,0.702838
5692,0.702576,379.4,0.702576
5695,0.706716,379.6,0.706716
5698,0.708226,379.8,0.708226
5701,0.706985,380,0.706985
5704,0.707337,380.2,0.707337
5707,0.707856,380.4,0.707856
5710,0.704703,380.6,0.704703
5713,0.702268,380.8,0.702268
5716,0.702982,381,0.702982
5719,0.703493,381.2,0.703493
5722,0.711808,381.4,0.711808
5725,0.711851,381.6,0.711851
5728,0.712233,381.8,0.712233
5731,0.711789,382,0.711789
5734,0.71132,382.2,0.71132
5737,0.711071,382.4,0.711071