1,0,0.178676
2,0.067,0.179761
3,0.134,0.180654
4,0.201,0.182937
5,0.268,0.183541
6,0.335,0.184813
7,0.402,0.189866
8,0.469,0.192176
9,0.536,0.195192
10,0.603,0.199406
11,0.67,0.20197
12,0.737,0.2052
13,0.804,0.206016
14,0.871,0.205364
15,0.938,0.205368
16,1.005,0.20369
17,1.072,0.202734
18,1.139,0.198333
19,1.206,0.193881
20,1.273,0.194385
21,1.34,0.193795
22,1.407,0.194556
23,1.474,0.195364
24,1.541,0.192687
25,1.608,0.194131
26,1.675,0.197639
27,1.742,0.202094
28,1.809,0.204014
29,1.876,0.206582
30,1.943,0.208466
31,2.01,0.208981
32,2.077,0.210249
33,2.144,0.210624
34,2.211,0.211322
35,2.278,0.211299
36,2.345,0.210078
37,2.412,0.208782
38,2.479,0.209137
39,2.546,0.209364
40,2.613,0.208435
41,2.68,0.209001
42,2.747,0.208689
43,2.814,0.208899
44,2.881,0.207054
45,2.948,0.206429
46,3.015,0.205899
47,3.082,0.205454
48,3.149,0.206554
49,3.216,0.207623
50,3.283,0.208895
51,3.35,0.209754
52,3.417,0.210308
53,3.484,0.210362
54,3.551,0.212017
55,3.618,0.212348
56,3.685,0.212754
57,3.752,0.215006
58,3.819,0.191571
59,3.886,0.21183
60,3.953,0.210874
61,4.02,0.210121
62,4.087,0.208868
63,4.154,0.206242
64,4.221,0.205801
65,4.288,0.201962
66,4.355,0.201505
67,4.422,0.174017
68,4.489,0.200694
69,4.556,0.201189
70,4.623,0.199231
71,4.69,0.19824
72,4.757,0.198532
73,4.824,0.164555
74,4.891,0.201314
75,4.958,0.202387
76,5.025,0.204603
77,5.092,0.207826
78,5.159,0.211428
79,5.226,0.218958
80,5.293,0.227238
81,5.36,0.231093
82,5.427,0.169452
83,5.494,0.244
84,5.561,0.256856
85,5.628,0.262655
86,5.695,0.216668
87,5.762,0.270423
88,5.829,0.276393
89,5.896,0.27953
90,5.963,0.282047
91,6.03,0.282921
92,6.097,0.284836
93,6.164,0.282082
94,6.231,0.28127
95,6.298,0.2777
96,6.365,0.272667
97,6.432,0.271898
98,6.499,0.265776
99,6.566,0.262826
100,6.633,0.260907
101,6.7,0.255491
102,6.767,0.2537
103,6.834,0.254355
104,6.901,0.251214
105,6.968,0.253033
106,7.035,0.257262
107,7.102,0.260473
108,7.169,0.261718
109,7.236,0.265495
110,7.303,0.268074
111,7.37,0.264535
112,7.437,0.268023
113,7.504,0.271617
114,7.571,0.272397
115,7.638,0.274575
116,7.705,0.277361
117,7.772,0.276623
118,7.839,0.275261
119,7.906,0.274301
120,7.973,0.274434
121,8.04,0.277165
122,8.107,0.277048
123,8.174,0.276198
124,8.241,0.256923
125,8.308,0.273763
126,8.375,0.271722
127,8.442,0.269331
128,8.509,0.265261
129,8.576,0.261784
130,8.643,0.261176
131,8.71,0.258901
132,8.777,0.258952
133,8.844,0.258827
134,8.911,0.256786
135,8.978,0.257332
136,9.045,0.257169
137,9.112,0.256443
138,9.179,0.256201
139,9.246,0.252198
140,9.313,0.249583
141,9.38,0.248612
142,9.447,0.246333
143,9.514,0.244355
144,9.581,0.243481
145,9.648,0.241596
146,9.715,0.240075
147,9.782,0.23954
148,9.849,0.238682
149,9.916,0.239095
150,9.983,0.23805
151,10.05,0.237016
152,10.117,0.237187
153,10.184,0.236825
154,10.251,0.23691
155,10.318,0.236867
156,10.385,0.236914
157,10.452,0.23789
158,10.519,0.238307
159,10.586,0.238569
160,10.653,0.239283
161,10.72,0.239911
162,10.787,0.240469
163,10.854,0.240297
164,10.921,0.239084
165,10.988,0.238155
166,11.055,0.238245
167,11.122,0.238112
168,11.189,0.238202
169,11.256,0.23821
170,11.323,0.238709
171,11.39,0.238518
172,11.457,0.238834
173,11.524,0.239127
174,11.591,0.239614
175,11.658,0.239813
176,11.725,0.240379
177,11.792,0.240594
178,11.859,0.240184
179,11.926,0.240176
180,11.993,0.238811
181,12.06,0.23901
182,12.127,0.23938
183,12.194,0.239388
184,12.261,0.239681
185,12.328,0.239486
186,12.395,0.239283
187,12.462,0.239275
188,12.529,0.239275
189,12.596,0.239216
190,12.663,0.238947
191,12.73,0.238889
192,12.797,0.239099
193,12.864,0.238787
194,12.931,0.238631
195,12.998,0.238643
196,13.065,0.238873
197,13.132,0.238034
198,13.199,0.238015
199,13.266,0.237843
200,13.333,0.237722
201,13.4,0.237663
202,13.467,0.237691
203,13.534,0.238518
204,13.601,0.238459
205,13.668,0.238413
206,13.735,0.238054
207,13.802,0.237816
208,13.869,0.23778
209,13.936,0.197315
210,14.003,0.237831
211,14.07,0.237714
212,14.137,0.237425
213,14.204,0.237406
214,14.271,0.237472
215,14.338,0.237792
216,14.405,0.237804
217,14.472,0.237671
218,14.539,0.237226
219,14.606,0.23599
220,14.673,0.236009
221,14.74,0.235943
222,14.807,0.235217
223,14.874,0.233352
224,14.941,0.233063
225,15.008,0.233063
226,15.075,0.233301
227,15.142,0.234222
228,15.209,0.234366
229,15.276,0.23517
230,15.343,0.23581
231,15.41,0.236173
232,15.477,0.235947
233,15.544,0.23519
234,15.611,0.235264
235,15.678,0.235186
236,15.745,0.23567
237,15.812,0.235299
238,15.879,0.235498
239,15.946,0.235908
240,16.013,0.235693
241,16.08,0.236056
242,16.147,0.235689
243,16.214,0.235978
244,16.281,0.235568
245,16.348,0.235416
246,16.415,0.235615
247,16.482,0.235576
248,16.549,0.235545
249,16.616,0.234085
250,16.683,0.233606
251,16.75,0.192453
252,16.817,0.233664
253,16.884,0.233137
254,16.951,0.233063
255,17.018,0.236782
256,17.085,0.239712
257,17.152,0.217354
258,17.219,0.243118
259,17.286,0.246037
260,17.353,0.247
261,17.42,0.24924
262,17.487,0.252026
263,17.554,0.252447
264,17.621,0.254375
265,17.688,0.255487
266,17.755,0.254168
267,17.822,0.253462
268,17.889,0.253048
269,17.956,0.252416
270,18.023,0.251413
271,18.09,0.250922
272,18.157,0.249646
273,18.224,0.249158
274,18.291,0.247633
275,18.358,0.246474
276,18.425,0.245373
277,18.492,0.243446
278,18.559,0.24249
279,18.626,0.241858
280,18.693,0.242264
281,18.76,0.242459
282,18.827,0.242139
283,18.894,0.242619
284,18.961,0.243395
285,19.028,0.243454
286,19.095,0.243762
287,19.162,0.243227
288,19.229,0.242006
289,19.296,0.241288
290,19.363,0.240715
291,19.43,0.240223
292,19.497,0.239259
293,19.564,0.238768
294,19.631,0.237574
295,19.698,0.237098
296,19.765,0.237297
297,19.832,0.236134
298,19.899,0.236228
299,19.966,0.236048
300,20.033,0.235837
301,20.1,0.236216
302,20.167,0.236235
303,20.234,0.236251
304,20.301,0.236126
305,20.368,0.236165
306,20.435,0.235779
307,20.502,0.235705
308,20.569,0.235814
309,20.636,0.2359
310,20.703,0.235978
311,20.77,0.236064
312,20.837,0.236157
313,20.904,0.236657
314,20.971,0.238374
315,21.038,0.239618
316,21.105,0.24247
317,21.172,0.244519
318,21.239,0.244445
319,21.306,0.247305
320,21.373,0.249837
321,21.44,0.250617
322,21.507,0.252007
323,21.574,0.252748
324,21.641,0.252748
325,21.708,0.252502
326,21.775,0.25233
327,21.842,0.252139
328,21.909,0.252557
329,21.976,0.252338
330,22.043,0.251979
331,22.11,0.251374
332,22.177,0.251378
333,22.244,0.250668
334,22.311,0.249404
335,22.378,0.248604
336,22.445,0.248401
337,22.512,0.247726
338,22.579,0.247512
339,22.646,0.247129
340,22.713,0.246985
341,22.78,0.245366
342,22.847,0.245483
343,22.914,0.245709
344,22.981,0.245295
345,23.048,0.245151
346,23.115,0.245159
347,23.182,0.245557
348,23.249,0.24551
349,23.316,0.24528
350,23.383,0.245639
351,23.45,0.245721
352,23.517,0.246567
353,23.584,0.247258
354,23.651,0.248015
355,23.718,0.249377
356,23.785,0.251289
357,23.852,0.254535
358,23.919,0.256474
359,23.986,0.258097
360,24.053,0.259736
361,24.12,0.261714
362,24.187,0.262577
363,24.254,0.263384
364,24.321,0.261929
365,24.388,0.262939
366,24.455,0.262561
367,24.522,0.263248
368,24.589,0.263045
369,24.656,0.26317
370,24.723,0.263326
371,24.79,0.26395
372,24.857,0.265792
373,24.924,0.267028
374,24.991,0.270146
375,25.058,0.274567
376,25.125,0.276611
377,25.192,0.280872
378,25.259,0.285691
379,25.326,0.288305
380,25.393,0.293097
381,25.46,0.298563
382,25.527,0.305692
383,25.594,0.310077
384,25.661,0.312009
385,25.728,0.316734
386,25.795,0.321193
387,25.862,0.322465
388,25.929,0.326531
389,25.996,0.331096
390,26.063,0.333012
391,26.13,0.339431
392,26.197,0.345896
393,26.264,0.354238
394,26.331,0.360528
395,26.398,0.36244
396,26.465,0.367102
397,26.532,0.371051
398,26.599,0.373017
399,26.666,0.377559
400,26.733,0.382296
401,26.8,0.38676
402,26.867,0.388929
403,26.934,0.389698
404,27.001,0.392366
405,27.068,0.394809
406,27.135,0.396225
407,27.202,0.398758
408,27.269,0.400104
409,27.336,0.401196
410,27.403,0.358748
411,27.47,0.406382
412,27.537,0.411021
413,27.604,0.414103
414,27.671,0.414603
415,27.738,0.417525
416,27.805,0.376915
417,27.872,0.421552
418,27.939,0.424463
419,28.006,0.426691
420,28.073,0.427565
421,28.14,0.428891
422,28.207,0.430983
423,28.274,0.431502
424,28.341,0.432973
425,28.408,0.434935
426,28.475,0.43808
427,28.542,0.43968
428,28.609,0.44046
429,28.676,0.442095
430,28.743,0.442294
431,28.81,0.442805
432,28.877,0.443777
433,28.944,0.447058
434,29.011,0.447304
435,29.078,0.447257
436,29.145,0.447366
437,29.212,0.447679
438,29.279,0.447222
439,29.346,0.446859
440,29.413,0.384879
441,29.48,0.447331
442,29.547,0.447327
443,29.614,0.447031
444,29.681,0.446965
445,29.748,0.446551
446,29.815,0.44661
447,29.882,0.446184
448,29.949,0.446504
449,30.016,0.445954
450,30.083,0.446024
451,30.15,0.445611
452,30.217,0.445751
453,30.284,0.445462
454,30.351,0.446184
455,30.418,0.446005
456,30.485,0.443984
457,30.552,0.443699
458,30.619,0.444425
459,30.686,0.44316
460,30.753,0.444218
461,30.82,0.444787
462,30.887,0.446137
463,30.954,0.446824
464,31.021,0.447132
465,31.088,0.447296
466,31.155,0.446828
467,31.222,0.446957
468,31.289,0.447339
469,31.356,0.44769
470,31.423,0.448393
471,31.49,0.448693
472,31.557,0.448623
473,31.624,0.449805
474,31.691,0.452049
475,31.758,0.453426
476,31.825,0.373915
477,31.892,0.466708
478,31.959,0.470255
479,32.026,0.492557
480,32.093,0.494496
481,32.16,0.500782
482,32.227,0.507603
483,32.294,0.510217
484,32.361,0.512035
485,32.428,0.463762
486,32.495,0.514536
487,32.562,0.515297
488,32.629,0.516054
489,32.696,0.517088
490,32.763,0.517092
491,32.83,0.5155
492,32.897,0.515949
493,32.964,0.516799
494,33.031,0.516382
495,33.098,0.516581
496,33.165,0.516249
497,33.232,0.516323
498,33.299,0.516101
499,33.366,0.51779
500,33.433,0.517829
501,33.5,0.51813
502,33.567,0.524669
503,33.634,0.52479
504,33.701,0.524474
505,33.768,0.524974
506,33.835,0.523428
507,33.902,0.522172
508,33.969,0.522289
509,34.036,0.521279
510,34.103,0.520592
511,34.17,0.520826
512,34.237,0.520092
513,34.304,0.519991
514,34.371,0.519983
515,34.438,0.520533
516,34.505,0.52083
517,34.572,0.521158
518,34.639,0.521657
519,34.706,0.520814
520,34.773,0.52122
521,34.84,0.520311
522,34.907,0.520319
523,34.974,0.518134
524,35.041,0.518181
525,35.108,0.515227
526,35.175,0.515465
527,35.242,0.516202
528,35.309,0.516187
529,35.376,0.516421
530,35.443,0.516464
531,35.51,0.516038
532,35.577,0.51614
533,35.644,0.516608
534,35.711,0.517291
535,35.778,0.517287
536,35.845,0.518036
537,35.912,0.518223
538,35.979,0.51861
539,36.046,0.519452
540,36.113,0.519819
541,36.18,0.520678
542,36.247,0.523058
543,36.314,0.524579
544,36.381,0.525375
545,36.448,0.526714
546,36.515,0.530151
547,36.582,0.531474
548,36.649,0.542789
549,36.716,0.54714
550,36.783,0.550386
551,36.85,0.556196
552,36.917,0.55792
553,36.984,0.562287
554,37.051,0.564366
555,37.118,0.56551
556,37.185,0.567355
557,37.252,0.56865
558,37.319,0.569333
559,37.386,0.572927
560,37.453,0.580208
561,37.52,0.582104
562,37.587,0.584917
563,37.654,0.586731
564,37.721,0.588561
565,37.788,0.589529
566,37.855,0.589447
567,37.922,0.589884
568,37.989,0.590446
569,38.056,0.590586
570,38.123,0.590633
571,38.19,0.598546
572,38.257,0.598133
573,38.324,0.597692
574,38.391,0.59729
575,38.458,0.596736
576,38.525,0.596681
577,38.592,0.596537
578,38.659,0.59647
579,38.726,0.596662
580,38.793,0.596997
581,38.86,0.598394
582,38.927,0.598815
583,38.994,0.600782
584,39.061,0.601601
585,39.128,0.601812
586,39.195,0.602979
587,39.262,0.603423
588,39.329,0.606635
589,39.396,0.607368
590,39.463,0.60786
591,39.53,0.608355
592,39.597,0.607232
593,39.664,0.607996
594,39.731,0.617521
595,39.798,0.61795
596,39.865,0.61731
597,39.932,0.528536
598,39.999,0.617876
599,40.066,0.617447
600,40.133,0.616838
601,40.2,0.61612
602,40.267,0.616748
603,40.334,0.621106
604,40.401,0.621883
605,40.468,0.621543
606,40.535,0.621614
607,40.602,0.621266
608,40.669,0.620806
609,40.736,0.619979
610,40.803,0.618617
611,40.87,0.617341
612,40.937,0.615308
613,41.004,0.615375
614,41.071,0.614992
615,41.138,0.614427
616,41.205,0.613849
617,41.272,0.609846
618,41.339,0.608738
619,41.406,0.609335
620,41.473,0.608628
621,41.54,0.608492
622,41.607,0.607961
623,41.674,0.607462
624,41.741,0.608121
625,41.808,0.60992
626,41.875,0.610591
627,41.942,0.522562
628,42.009,0.610232
629,42.076,0.610189
630,42.143,0.609698
631,42.21,0.609526
632,42.277,0.607353
633,42.344,0.60633
634,42.411,0.606155
635,42.478,0.605593
636,42.545,0.603868
637,42.612,0.603494
638,42.679,0.603661
639,42.746,0.603416
640,42.813,0.607076
641,42.88,0.606436
642,42.947,0.606717
643,43.014,0.605168
644,43.081,0.604656
645,43.148,0.605203
646,43.215,0.606564
647,43.282,0.606104
648,43.349,0.6077
649,43.416,0.60784
650,43.483,0.60951
651,43.55,0.611048
652,43.617,0.611165
653,43.684,0.611691
654,43.751,0.617458
655,43.818,0.622851
656,43.885,0.624017
657,43.952,0.62612
658,44.019,0.626963
659,44.086,0.631263
660,44.153,0.632188
661,44.22,0.633666
662,44.287,0.635134
663,44.354,0.654888
664,44.421,0.654467
665,44.488,0.65467
666,44.555,0.654568
667,44.622,0.654955
668,44.689,0.656254
669,44.756,0.656133
670,44.823,0.65602
671,44.89,0.655669
672,44.957,0.656024
673,45.024,0.656379
674,45.091,0.656722
675,45.158,0.658915
676,45.225,0.660308
677,45.292,0.556286
678,45.359,0.662552
679,45.426,0.66334
680,45.493,0.664822
681,45.56,0.66764
682,45.627,0.668475
683,45.694,0.669095
684,45.761,0.670605
685,45.828,0.670285
686,45.895,0.681214
687,45.962,0.682779
688,46.029,0.684925
689,46.096,0.63351
690,46.163,0.68798
691,46.23,0.57917
692,46.297,0.691039
693,46.364,0.691222
694,46.431,0.691636
695,46.498,0.692182
696,46.565,0.692123
697,46.632,0.692638
698,46.699,0.693083
699,46.766,0.693048
700,46.833,0.693243
701,46.9,0.693649
702,46.967,0.694535
703,47.034,0.695046
704,47.101,0.694792
705,47.168,0.694816
706,47.235,0.694987
707,47.302,0.695335
708,47.369,0.69553
709,47.436,0.703037
710,47.503,0.703485
711,47.57,0.704043
712,47.637,0.703938
713,47.704,0.703681
714,47.771,0.703396
715,47.838,0.703368
716,47.905,0.703314
717,47.972,0.703684
718,48.039,0.70338
719,48.106,0.703017
720,48.173,0.702163
721,48.24,0.702506
722,48.307,0.704637
723,48.374,0.703501
724,48.441,0.702857
725,48.508,0.701886
726,48.575,0.70139
727,48.642,0.701269
728,48.709,0.701948
729,48.776,0.701125
730,48.843,0.700887
731,48.91,0.700376
732,48.977,0.696509
733,49.044,0.696708
734,49.111,0.697886
735,49.178,0.697055
736,49.245,0.696692
737,49.312,0.694781
738,49.379,0.693196
739,49.446,0.691597
740,49.513,0.689419
741,49.58,0.689205
742,49.647,0.689716
743,49.714,0.689513
744,49.781,0.689439
745,49.848,0.687835
746,49.915,0.687921
747,49.982,0.690469
748,50.049,0.693743
749,50.116,0.699275
750,50.183,0.701269
751,50.25,0.643031
752,50.317,0.702416
753,50.384,0.70228
754,50.451,0.702475
755,50.518,0.711828
756,50.585,0.711305
757,50.652,0.711578
758,50.719,0.714184
759,50.786,0.714621
760,50.853,0.715616
761,50.92,0.717103
762,50.987,0.717665
763,51.054,0.717836
764,51.121,0.718433
765,51.188,0.718878
766,51.255,0.718882
767,51.322,0.719502
768,51.389,0.720096
769,51.456,0.720119
770,51.523,0.720322
771,51.59,0.720131
772,51.657,0.719951
773,51.724,0.719932
774,51.791,0.719729
775,51.858,0.719791
776,51.925,0.719737
777,51.992,0.719651
778,52.059,0.720369
779,52.126,0.720283
780,52.193,0.720599
781,52.26,0.720755
782,52.327,0.720349
783,52.394,0.720517
784,52.461,0.720334
785,52.528,0.720248
786,52.595,0.72008
787,52.662,0.720271
788,52.729,0.719975
789,52.796,0.719893
790,52.863,0.719936
791,52.93,0.719764
792,52.997,0.719698
793,53.064,0.719413
794,53.131,0.719151
795,53.198,0.719038
796,53.265,0.71855
797,53.332,0.718543
798,53.399,0.718578
799,53.466,0.718348
800,53.533,0.718269
801,53.6,0.717992
802,53.667,0.718016
803,53.734,0.718141
804,53.801,0.718035
805,53.868,0.717977
806,53.935,0.717911
807,54.002,0.717618
808,54.069,0.71754
809,54.136,0.71747
810,54.203,0.717481
811,54.27,0.71736
812,54.337,0.717485
813,54.404,0.717466
814,54.471,0.717481
815,54.538,0.717481
816,54.605,0.717501
817,54.672,0.604212
818,54.739,0.717497
819,54.806,0.717497
820,54.873,0.717497
821,54.94,0.717497
822,55.007,0.718285
823,55.074,0.718363
824,55.141,0.720603
825,55.208,0.7207
826,55.275,0.720845
827,55.342,0.721094
828,55.409,0.721563
829,55.476,0.721547
830,55.543,0.721504
831,55.61,0.721863
832,55.677,0.721941
833,55.744,0.722152
834,55.811,0.722366
835,55.878,0.722405
836,55.945,0.722417
837,56.012,0.722308
838,56.079,0.722128
839,56.146,0.72207
840,56.213,0.722027
841,56.28,0.721929
842,56.347,0.721789
843,56.414,0.722011
844,56.481,0.722043
845,56.548,0.721668
846,56.615,0.720903
847,56.682,0.720014
848,56.749,0.719916
849,56.816,0.71999
850,56.883,0.719928
851,56.95,0.719928
852,57.017,0.719963
853,57.084,0.720092
854,57.151,0.72001
855,57.218,0.719955
856,57.285,0.71976
857,57.352,0.719229
858,57.419,0.719116
859,57.486,0.719495
860,57.553,0.719495
861,57.62,0.719385
862,57.687,0.719381
863,57.754,0.7196
864,57.821,0.719366
865,57.888,0.719136
866,57.955,0.718761
867,58.022,0.718902
868,58.089,0.718632
869,58.156,0.718367
870,58.223,0.718199
871,58.29,0.718059
872,58.357,0.717762
873,58.424,0.717665
874,58.491,0.717594
875,58.558,0.717384
876,58.625,0.717501
877,58.692,0.717591
878,58.759,0.717754
879,58.826,0.717758
880,58.893,0.718558
881,58.96,0.718601
882,59.027,0.718898
883,59.094,0.71855
884,59.161,0.718195
885,59.228,0.717992
886,59.295,0.717555
887,59.362,0.717411
888,59.429,0.717333
889,59.496,0.71745
890,59.563,0.717356
891,59.63,0.717193
892,59.697,0.717052
893,59.764,0.716931
894,59.831,0.71697
895,59.898,0.716502
896,59.965,0.716506
897,60.032,0.715718
898,60.099,0.715823
899,60.166,0.716092
900,60.233,0.715526
901,60.3,0.715214
902,60.367,0.71505
903,60.434,0.712943
904,60.501,0.712963
905,60.568,0.713775
906,60.635,0.714383
907,60.702,0.714699
908,60.769,0.71537
909,60.836,0.715577
910,60.903,0.715761
911,60.97,0.715519
912,61.037,0.715441
913,61.104,0.7153
914,61.171,0.714953
915,61.238,0.714972
916,61.305,0.71516
917,61.372,0.715117
918,61.439,0.714941
919,61.506,0.714707
920,61.573,0.714871
921,61.64,0.715472
922,61.707,0.715944
923,61.774,0.715999
924,61.841,0.71601
925,61.908,0.716084
926,61.975,0.714918
927,62.042,0.715043
928,62.109,0.715121
929,62.176,0.715253
930,62.243,0.715273
931,62.31,0.714122
932,62.377,0.713634
933,62.444,0.713841
934,62.511,0.713728
935,62.578,0.713369
936,62.645,0.713103
937,62.712,0.713119
938,62.779,0.71292
939,62.846,0.713291
940,62.913,0.71292
941,62.98,0.713244
942,63.047,0.712741
943,63.114,0.712799
944,63.181,0.712819
945,63.248,0.712819
946,63.315,0.713326
947,63.382,0.713174
948,63.449,0.712963
949,63.516,0.71276
950,63.583,0.71269
951,63.65,0.712721
952,63.717,0.712561
953,63.784,0.617045
954,63.851,0.713498
955,63.918,0.713572
956,63.985,0.713654
957,64.052,0.713755
958,64.119,0.713755
959,64.186,0.713509
960,64.253,0.713677
961,64.32,0.713724
962,64.387,0.713857
963,64.454,0.713919
964,64.521,0.713825
965,64.588,0.714044
966,64.655,0.71418
967,64.722,0.714524
968,64.789,0.714543
969,64.856,0.71459
970,64.923,0.714652
971,64.99,0.714746
972,65.057,0.714957
973,65.124,0.714855
974,65.191,0.715093
975,65.258,0.715288
976,65.325,0.715495
977,65.392,0.714844
978,65.459,0.714695
979,65.526,0.714649
980,65.593,0.714574
981,65.66,0.714574
982,65.727,0.714336
983,65.794,0.714559
984,65.861,0.714262
985,65.928,0.714247
986,65.995,0.71411
987,66.062,0.71427
988,66.129,0.71418
989,66.196,0.714254
990,66.263,0.714188
991,66.33,0.714403
992,66.397,0.714422
993,66.464,0.714582
994,66.531,0.714465
995,66.598,0.714145
996,66.665,0.714493
997,66.732,0.714832
998,66.799,0.714836
999,66.866,0.714879
1000,66.933,0.712791
1001,67,0.712077
1002,67.067,0.711937
1003,67.134,0.711917
1004,67.201,0.711984
1005,67.268,0.712323
1006,67.335,0.712237
1007,67.402,0.712428
1008,67.469,0.712425
1009,67.536,0.712752
1010,67.603,0.712791
1011,67.67,0.713045
1012,67.737,0.71347
1013,67.804,0.71347
1014,67.871,0.713302
1015,67.938,0.713201
1016,68.005,0.712983
1017,68.072,0.713041
1018,68.139,0.713018
1019,68.206,0.712975
1020,68.273,0.712616
1021,68.34,0.712565
1022,68.407,0.712647
1023,68.474,0.714485
1024,68.541,0.714169
1025,68.608,0.714407
1026,68.675,0.715019
1027,68.742,0.715347
1028,68.809,0.714309
1029,68.876,0.714219
1030,68.943,0.714208
1031,69.01,0.714649
1032,69.077,0.714816
1033,69.144,0.714785
1034,69.211,0.714965
1035,69.278,0.71461
1036,69.345,0.713521
1037,69.412,0.713267
1038,69.479,0.713423
1039,69.546,0.711839
1040,69.613,0.711059
1041,69.68,0.710883
1042,69.747,0.710357
1043,69.814,0.710345
1044,69.881,0.70976
1045,69.948,0.70983
1046,70.015,0.709022
1047,70.082,0.708866
1048,70.149,0.708398
1049,70.216,0.707672
1050,70.283,0.707645
1051,70.35,0.707442
1052,70.417,0.708265
1053,70.484,0.707071
1054,70.551,0.706662
1055,70.618,0.706837
1056,70.685,0.706392
1057,70.752,0.706584
1058,70.819,0.707239
1059,70.886,0.70768
1060,70.953,0.708055
1061,71.02,0.708589
1062,71.087,0.709287
1063,71.154,0.70949
1064,71.221,0.709713
1065,71.288,0.70917
1066,71.355,0.709373
1067,71.422,0.706708
1068,71.489,0.70512
1069,71.556,0.695822
1070,71.623,0.696451
1071,71.69,0.695748
1072,71.757,0.695939
1073,71.824,0.699611
1074,71.891,0.70052
1075,71.958,0.701983
1076,72.025,0.702171
1077,72.092,0.703415
1078,72.159,0.705226
1079,72.226,0.706779
1080,72.293,0.70688
1081,72.36,0.708023
1082,72.427,0.708882
1083,72.494,0.708968
1084,72.561,0.709225
1085,72.628,0.709284
1086,72.695,0.709845
1087,72.762,0.710025
1088,72.829,0.709939
1089,72.896,0.710091
1090,72.963,0.709943
1091,73.03,0.710333
1092,73.097,0.712241
1093,73.164,0.712647
1094,73.231,0.712916
1095,73.298,0.71285
1096,73.365,0.712936
1097,73.432,0.712901
1098,73.499,0.713326
1099,73.566,0.713154
1100,73.633,0.713903
1101,73.7,0.713697
1102,73.767,0.713888
1103,73.834,0.714282
1104,73.901,0.714512
1105,73.968,0.714469
1106,74.035,0.714418
1107,74.102,0.714844
1108,74.169,0.715195
1109,74.236,0.715288
1110,74.303,0.714816
1111,74.37,0.71459
1112,74.437,0.714204
1113,74.504,0.714489
1114,74.571,0.714387
1115,74.638,0.71569
1116,74.705,0.715792
1117,74.772,0.715203
1118,74.839,0.714785
1119,74.906,0.714176
1120,74.973,0.713217
1121,75.04,0.713455
1122,75.107,0.713057
1123,75.174,0.713061
1124,75.241,0.712764
1125,75.308,0.712721
1126,75.375,0.712873
1127,75.442,0.712425
1128,75.509,0.712229
1129,75.576,0.711906
1130,75.643,0.711894
1131,75.71,0.711558
1132,75.777,0.71118
1133,75.844,0.71118
1134,75.911,0.710844
1135,75.978,0.710411
1136,76.045,0.710345
1137,76.112,0.710368
1138,76.179,0.70917
1139,76.246,0.708975
1140,76.313,0.709221
1141,76.38,0.70926
1142,76.447,0.7091
1143,76.514,0.708733
1144,76.581,0.708257
1145,76.648,0.708304
1146,76.715,0.708991
1147,76.782,0.709791
1148,76.849,0.710243
1149,76.916,0.71084
1150,76.983,0.711535
1151,77.05,0.711874
1152,77.117,0.711668
1153,77.184,0.711469
1154,77.251,0.712077
1155,77.318,0.712791
1156,77.385,0.712389
1157,77.452,0.711746
1158,77.519,0.71219
1159,77.586,0.711925
1160,77.653,0.711742
1161,77.72,0.7115
1162,77.787,0.711246
1163,77.854,0.711812
1164,77.921,0.712183
1165,77.988,0.712023
1166,78.055,0.712588
1167,78.122,0.712171
1168,78.189,0.711695
1169,78.256,0.711956
1170,78.323,0.593661
1171,78.39,0.712491
1172,78.457,0.711949
1173,78.524,0.711863
1174,78.591,0.710965
1175,78.658,0.710719
1176,78.725,0.710353
1177,78.792,0.710037
1178,78.859,0.710197
1179,78.926,0.710228
1180,78.993,0.710009
1181,79.06,0.710755
1182,79.127,0.710688
1183,79.194,0.710458
1184,79.261,0.708402
1185,79.328,0.708667
1186,79.395,0.708332
1187,79.462,0.707957
1188,79.529,0.707797
1189,79.596,0.707633
1190,79.663,0.707235
1191,79.73,0.707824
1192,79.797,0.708012
1193,79.864,0.707278
1194,79.931,0.706978
1195,79.998,0.706806
1196,80.065,0.706744
1197,80.132,0.705951
1198,80.199,0.706502
1199,80.266,0.706271
1200,80.333,0.706147
1201,80.4,0.706396
1202,80.467,0.706505
1203,80.534,0.70656
1204,80.601,0.706287
1205,80.668,0.706353
1206,80.735,0.705827
1207,80.802,0.705222
1208,80.869,0.705226
1209,80.936,0.705124
1210,81.003,0.705639
1211,81.07,0.705561
1212,81.137,0.705436
1213,81.204,0.705308
1214,81.271,0.705916
1215,81.338,0.705936
1216,81.405,0.706209
1217,81.472,0.706513
1218,81.539,0.707138
1219,81.606,0.707602
1220,81.673,0.70711
1221,81.74,0.706833
1222,81.807,0.706435
1223,81.874,0.705838
1224,81.941,0.705772
1225,82.008,0.70546
1226,82.075,0.705429
1227,82.142,0.705893
1228,82.209,0.705834
1229,82.276,0.706065
1230,82.343,0.703513
1231,82.41,0.704227
1232,82.477,0.704094
1233,82.544,0.704679
1234,82.611,0.705261
1235,82.678,0.70576
1236,82.745,0.705932
1237,82.812,0.705756
1238,82.879,0.706131
1239,82.946,0.705838
1240,83.013,0.706837
1241,83.08,0.706361
1242,83.147,0.706139
1243,83.214,0.705905
1244,83.281,0.705234
1245,83.348,0.705237
1246,83.415,0.704875
1247,83.482,0.705191
1248,83.549,0.705214
1249,83.616,0.705577
1250,83.683,0.705432
1251,83.75,0.705155
1252,83.817,0.705413
1253,83.884,0.705811
1254,83.951,0.705967
1255,84.018,0.70615
1256,84.085,0.706552
1257,84.152,0.706525
1258,84.219,0.706346
1259,84.286,0.706084
1260,84.353,0.705409
1261,84.42,0.705245
1262,84.487,0.705152
1263,84.554,0.705358
1264,84.621,0.705436
1265,84.688,0.70466
1266,84.755,0.704356
1267,84.822,0.704348
1268,84.889,0.703201
1269,84.956,0.703103
1270,85.023,0.70338
1271,85.09,0.705113
1272,85.157,0.704781
1273,85.224,0.70489
1274,85.291,0.704336
1275,85.358,0.704102
1276,85.425,0.702518
1277,85.492,0.702233
1278,85.559,0.702549
1279,85.626,0.70189
1280,85.693,0.702163
1281,85.76,0.701628
1282,85.827,0.701987
1283,85.894,0.702334
1284,85.961,0.702916
1285,86.028,0.703954
1286,86.095,0.703618
1287,86.162,0.703724
1288,86.229,0.704125
1289,86.296,0.70427
1290,86.363,0.704652
1291,86.43,0.704508
1292,86.497,0.704582
1293,86.564,0.705405
1294,86.631,0.705702
1295,86.698,0.706111
1296,86.765,0.70631
1297,86.832,0.70631
1298,86.899,0.706677
1299,86.966,0.708179
1300,87.033,0.708476
1301,87.1,0.708843
1302,87.167,0.708995
1303,87.234,0.709373
1304,87.301,0.710017
1305,87.368,0.71031
1306,87.435,0.710794
1307,87.502,0.710716
1308,87.569,0.710805
1309,87.636,0.711512
1310,87.703,0.712288
1311,87.77,0.712354
1312,87.837,0.713349
1313,87.904,0.713802
1314,87.971,0.713876
1315,88.038,0.714176
1316,88.105,0.713974
1317,88.172,0.612062
1318,88.239,0.714196
1319,88.306,0.714036
1320,88.373,0.713658
1321,88.44,0.71315
1322,88.507,0.713408
1323,88.574,0.712951
1324,88.641,0.712046
1325,88.708,0.710907
1326,88.775,0.709662
1327,88.842,0.709631
1328,88.909,0.709549
1329,88.976,0.709732
1330,89.043,0.709311
1331,89.11,0.71031
1332,89.177,0.712272
1333,89.244,0.712924
1334,89.311,0.713899
1335,89.378,0.71418
1336,89.445,0.713697
1337,89.512,0.713962
1338,89.579,0.71434
1339,89.646,0.714629
1340,89.713,0.716447
1341,89.78,0.715558
1342,89.847,0.715023
1343,89.914,0.713864
1344,89.981,0.71411
1345,90.048,0.713853
1346,90.115,0.713513
1347,90.182,0.713377
1348,90.249,0.714297
1349,90.316,0.714914
1350,90.383,0.714418
1351,90.45,0.71402
1352,90.517,0.713876
1353,90.584,0.713802
1354,90.651,0.714855
1355,90.718,0.715413
1356,90.785,0.716654
1357,90.852,0.718863
1358,90.919,0.720357
1359,90.986,0.723888
1360,91.053,0.726662
1361,91.12,0.727536
1362,91.187,0.730962
1363,91.254,0.730826
1364,91.321,0.733888
1365,91.388,0.734193
1366,91.455,0.736109
1367,91.522,0.73541
1368,91.589,0.738243
1369,91.656,0.736631
1370,91.723,0.735039
1371,91.79,0.734201
1372,91.857,0.734509
1373,91.924,0.735055
1374,91.991,0.735196
1375,92.058,0.737334
1376,92.125,0.741259
1377,92.192,0.741442
1378,92.259,0.743389
1379,92.326,0.744759
1380,92.393,0.746897
1381,92.46,0.749148
1382,92.527,0.747108
1383,92.594,0.746066
1384,92.661,0.742714
1385,92.728,0.742133
1386,92.795,0.740244
1387,92.862,0.737236
1388,92.929,0.737349
1389,92.996,0.739054
1390,93.063,0.740393
1391,93.13,0.741236
1392,93.197,0.742234
1393,93.264,0.743744
1394,93.331,0.743245
1395,93.398,0.742191
1396,93.465,0.740681
1397,93.532,0.740038
1398,93.599,0.742761
1399,93.666,0.741458
1400,93.733,0.743581
1401,93.8,0.742812
1402,93.867,0.742777
1403,93.934,0.740518
1404,94.001,0.740721
1405,94.068,0.741622
1406,94.135,0.741099
1407,94.202,0.741555
1408,94.269,0.741813
1409,94.336,0.746483
1410,94.403,0.74534
1411,94.47,0.744213
1412,94.537,0.744197
1413,94.604,0.746117
1414,94.671,0.745352
1415,94.738,0.74671
1416,94.805,0.746889
1417,94.872,0.751556
1418,94.939,0.754642
1419,95.006,0.755142
1420,95.073,0.757647
1421,95.14,0.758727
1422,95.207,0.760643
1423,95.274,0.762766
1424,95.341,0.761283
1425,95.408,0.761868
1426,95.475,0.762364
1427,95.542,0.759917
1428,95.609,0.758423
1429,95.676,0.759114
1430,95.743,0.758747
1431,95.81,0.757744
1432,95.877,0.758926
1433,95.944,0.760319
1434,96.011,0.762902
1435,96.078,0.762699
1436,96.145,0.764206
1437,96.212,0.761178
1438,96.279,0.761872
1439,96.346,0.762411
1440,96.413,0.760596
1441,96.48,0.666028
1442,96.547,0.757955
1443,96.614,0.755723
1444,96.681,0.756663
1445,96.748,0.75474
1446,96.815,0.754533
1447,96.882,0.757186
1448,96.949,0.76021
1449,97.016,0.76293
1450,97.083,0.764596
1451,97.15,0.764479
1452,97.217,0.765637
1453,97.284,0.770175
1454,97.351,0.769286
1455,97.418,0.766671
1456,97.485,0.766234
1457,97.552,0.767756
1458,97.619,0.771927
1459,97.686,0.77501
1460,97.753,0.780976
1461,97.82,0.786832
1462,97.887,0.787039
1463,97.954,0.786856
1464,98.021,0.785997
1465,98.088,0.789146
1466,98.155,0.787257
1467,98.222,0.784526
1468,98.289,0.784893
1469,98.356,0.782013
1470,98.423,0.777838
1471,98.49,0.775255
1472,98.557,0.771034
1473,98.624,0.762395
1474,98.691,0.760218
1475,98.758,0.754057
1476,98.825,0.748072
1477,98.892,0.745574
1478,98.959,0.740174
1479,99.026,0.74147
1480,99.093,0.743097
1481,99.16,0.744111
1482,99.227,0.743081
1483,99.294,0.745711
1484,99.361,0.748345
1485,99.428,0.747794
1486,99.495,0.746889
1487,99.562,0.741598
1488,99.629,0.739964
1489,99.696,0.73861
1490,99.763,0.737158
1491,99.83,0.734439
1492,99.897,0.729027
1493,99.964,0.726643
1494,100.031,0.72756
1495,100.098,0.729651
1496,100.165,0.730548
1497,100.232,0.73392
1498,100.299,0.73026
1499,100.366,0.729128
1500,100.433,0.723716
1501,100.5,0.725242
1502,100.567,0.726573
1503,100.634,0.725968
1504,100.701,0.727248
1505,100.768,0.721656
1506,100.835,0.709147
1507,100.902,0.708932
1508,100.969,0.708413
1509,101.036,0.713677
1510,101.103,0.71491
1511,101.17,0.712499
1512,101.237,0.71068
1513,101.304,0.708811
1514,101.371,0.708566
1515,101.438,0.706576
1516,101.505,0.70276
1517,101.572,0.703415
1518,101.639,0.703341
1519,101.706,0.700489
1520,101.773,0.696369
1521,101.84,0.692506
1522,101.907,0.693817
1523,101.974,0.692006
1524,102.041,0.691363
1525,102.108,0.687816
1526,102.175,0.685295
1527,102.242,0.68336
1528,102.309,0.68249
1529,102.376,0.68011
1530,102.443,0.684823
1531,102.51,0.691921
1532,102.577,0.69695
1533,102.644,0.706974
1534,102.711,0.707898
1535,102.778,0.712479
1536,102.845,0.716092
1537,102.912,0.716307
1538,102.979,0.717013
1539,103.046,0.717372
1540,103.113,0.718168
1541,103.18,0.717821
1542,103.247,0.718753
1543,103.314,0.718461
1544,103.381,0.714641
1545,103.448,0.714098
1546,103.515,0.711445
1547,103.582,0.714965
1548,103.649,0.714352
1549,103.716,0.713478
1550,103.783,0.718656
1551,103.85,0.718999
1552,103.917,0.711242
1553,103.984,0.710965
1554,104.051,0.710817
1555,104.118,0.70919
1556,104.185,0.709401
1557,104.252,0.71411
1558,104.319,0.721465
1559,104.386,0.726046
1560,104.453,0.730232
1561,104.52,0.731996
1562,104.587,0.732492
1563,104.654,0.731103
1564,104.721,0.730841
1565,104.788,0.729522
1566,104.855,0.726171
1567,104.922,0.725765
1568,104.989,0.724571
1569,105.056,0.723463
1570,105.123,0.719011
1571,105.19,0.715807
1572,105.257,0.720439
1573,105.324,0.726931
1574,105.391,0.732581
1575,105.458,0.726311
1576,105.525,0.726116
1577,105.592,0.728637
1578,105.659,0.729905
1579,105.726,0.730006
1580,105.793,0.727353
1581,105.86,0.725176
1582,105.927,0.727505
1583,105.994,0.728812
1584,106.061,0.72912
1585,106.128,0.730927
1586,106.195,0.731684
1587,106.262,0.731813
1588,106.329,0.733608
1589,106.396,0.738165
1590,106.463,0.739788
1591,106.53,0.748856
1592,106.597,0.749909
1593,106.664,0.748263
1594,106.731,0.744049
1595,106.798,0.738337
1596,106.865,0.719873
1597,106.932,0.713533
1598,106.999,0.681924
1599,107.066,0.680496
1600,107.133,0.665045
1601,107.2,0.659754
1602,107.267,0.653948
1603,107.334,0.634345
1604,107.401,0.63481
1605,107.468,0.609506
1606,107.535,0.507486
1607,107.602,0.607177
1608,107.669,0.603537
1609,107.736,0.550226
1610,107.803,0.545575
1611,107.87,0.542251
1612,107.937,0.536905
1613,108.004,0.509253
1614,108.071,0.508305
1615,108.138,0.501672
1616,108.205,0.490509
1617,108.272,0.485959
1618,108.339,0.4821
1619,108.406,0.481024
1620,108.473,0.481144
1621,108.54,0.472841
1622,108.607,0.467238
1623,108.674,0.463138
1624,108.741,0.448338
1625,108.808,0.447382
1626,108.875,0.454331
1627,108.942,0.45874
1628,109.009,0.460773
1629,109.076,0.460851
1630,109.143,0.459583
1631,109.21,0.469646
1632,109.277,0.474484
1633,109.344,0.476751
1634,109.411,0.477087
1635,109.478,0.49825
1636,109.545,0.503201
1637,109.612,0.505375
1638,109.679,0.500396
1639,109.746,0.499545
1640,109.813,0.490591
1641,109.88,0.483275
1642,109.947,0.481187
1643,110.014,0.467543
1644,110.081,0.461686
1645,110.148,0.458405
1646,110.215,0.439528
1647,110.282,0.438221
1648,110.349,0.424393
1649,110.416,0.411259
1650,110.483,0.406351
1651,110.55,0.395894
1652,110.617,0.391489
1653,110.684,0.392675
1654,110.751,0.391625
1655,110.818,0.387423
1656,110.885,0.387825
1657,110.952,0.38134
1658,111.019,0.388746
1659,111.086,0.39054
1660,111.153,0.400623
1661,111.22,0.401508
1662,111.287,0.401302
1663,111.354,0.403674
1664,111.421,0.406273
1665,111.488,0.409386
1666,111.555,0.415972
1667,111.622,0.410245
1668,111.689,0.414018
1669,111.756,0.412839
1670,111.823,0.411942
1671,111.89,0.408372
1672,111.957,0.408575
1673,112.024,0.40486
1674,112.091,0.400993
1675,112.158,0.397993
1676,112.225,0.393908
1677,112.292,0.343169
1678,112.359,0.388063
1679,112.426,0.387716
1680,112.493,0.387095
1681,112.56,0.385917
1682,112.627,0.37729
1683,112.694,0.376264
1684,112.761,0.37047
1685,112.828,0.364909
1686,112.895,0.362385
1687,112.962,0.342263
1688,113.029,0.366267
1689,113.096,0.364328
1690,113.163,0.352993
1691,113.23,0.351433
1692,113.297,0.3497
1693,113.364,0.351975
1694,113.431,0.353048
1695,113.498,0.348323
1696,113.565,0.346216
1697,113.632,0.345545
1698,113.699,0.339232
1699,113.766,0.336571
1700,113.833,0.332544
1701,113.9,0.327144
1702,113.967,0.288633
1703,114.034,0.32092
1704,114.101,0.31712
1705,114.168,0.316808
1706,114.235,0.317635
1707,114.302,0.312009
1708,114.369,0.310393
1709,114.436,0.300276
1710,114.503,0.292804
1711,114.57,0.291852
1712,114.637,0.293022
1713,114.704,0.294591
1714,114.771,0.298856
1715,114.838,0.304556
1716,114.905,0.305926
1717,114.972,0.302984
1718,115.039,0.293081
1719,115.106,0.245315
1720,115.173,0.279034
1721,115.24,0.272093
1722,115.307,0.268394
1723,115.374,0.269721
1724,115.441,0.273248
1725,115.508,0.275281
1726,115.575,0.290888
1727,115.642,0.297627
1728,115.709,0.3117
1729,115.776,0.324904
1730,115.843,0.329992
1731,115.91,0.335416
1732,115.977,0.338198
1733,116.044,0.328186
1734,116.111,0.32593
1735,116.178,0.324533
1736,116.245,0.323187
1737,116.312,0.325969
1738,116.379,0.332723
1739,116.446,0.337234
1740,116.513,0.352127
1741,116.58,0.35677
1742,116.647,0.370173
1743,116.714,0.378691
1744,116.781,0.380532
1745,116.848,0.384458
1746,116.915,0.387797
1747,116.982,0.389116
1748,117.049,0.393486
1749,117.116,0.405246
1750,117.183,0.406608
1751,117.25,0.44492
1752,117.317,0.453165
1753,117.384,0.46869
1754,117.451,0.495987
1755,117.518,0.505827
1756,117.585,0.518376
1757,117.652,0.533019
1758,117.719,0.540819
1759,117.786,0.548256
1760,117.853,0.561893
1761,117.92,0.567601
1762,117.987,0.58002
1763,118.054,0.577059
1764,118.121,0.575299
1765,118.188,0.57798
1766,118.255,0.580169
1767,118.322,0.572556
1768,118.389,0.568857
1769,118.456,0.560367
1770,118.523,0.558428
1771,118.59,0.553285
1772,118.657,0.515508
1773,118.724,0.487524
1774,118.791,0.476462
1775,118.858,0.459486
1776,118.925,0.452462
1777,118.992,0.445646
1778,119.059,0.428408
1779,119.126,0.391352
1780,119.193,0.386584
1781,119.26,0.380099
1782,119.327,0.369564
1783,119.394,0.366739
1784,119.461,0.349575
1785,119.528,0.348631
1786,119.595,0.339731
1787,119.662,0.333234
1788,119.729,0.337304
1789,119.796,0.336719
1790,119.863,0.330573
1791,119.93,0.329984
1792,119.997,0.324393
1793,120.064,0.321533
1794,120.131,0.319941
1795,120.198,0.303405
1796,120.265,0.298547
1797,120.332,0.293288
1798,120.399,0.286659
1799,120.466,0.283084
1800,120.533,0.278344
1801,120.6,0.275105
1802,120.667,0.272975
1803,120.734,0.271188
1804,120.801,0.267426
1805,120.868,0.259283
1806,120.935,0.255881
1807,121.002,0.250446
1808,121.069,0.248027
1809,121.136,0.241003
1810,121.203,0.241089
1811,121.27,0.237047
1812,121.337,0.23464
1813,121.404,0.233707
1814,121.471,0.226446
1815,121.538,0.219177
1816,121.605,0.214838
1817,121.672,0.20458
1818,121.739,0.197619
1819,121.806,0.19337
1820,121.873,0.173982
1821,121.94,0.170381
1822,122.007,0.164329
1823,122.074,0.158761
1824,122.141,0.155671
1825,122.208,0.15107
1826,122.275,0.150263
1827,122.342,0.150056
1828,122.409,0.143973
1829,122.476,0.143677
1830,122.543,0.144515
1831,122.61,0.143556
1832,122.677,0.143056
1833,122.744,0.143544
1834,122.811,0.142693
1835,122.878,0.141878
1836,122.945,0.142342
1837,123.012,0.142623
1838,123.079,0.142112
1839,123.146,0.141242
1840,123.213,0.141858
1841,123.28,0.141144
1842,123.347,0.159385
1843,123.414,0.166241
1844,123.481,0.178449
1845,123.548,0.192235
1846,123.615,0.198595
1847,123.682,0.212426
1848,123.749,0.225494
1849,123.816,0.23247
1850,123.883,0.248222
1851,123.95,0.260384
1852,124.017,0.264824
1853,124.084,0.300783
1854,124.151,0.323008
1855,124.218,0.346953
1856,124.285,0.36752
1857,124.352,0.38811
1858,124.419,0.401064
1859,124.486,0.412078
1860,124.553,0.411716
1861,124.62,0.414342
1862,124.687,0.418317
1863,124.754,0.422153
1864,124.821,0.458951
1865,124.888,0.474227
1866,124.955,0.491839
1867,125.022,0.517966
1868,125.089,0.529625
1869,125.156,0.54767
1870,125.223,0.562287
1871,125.29,0.557304
1872,125.357,0.545899
1873,125.424,0.534693
1874,125.491,0.532059
1875,125.558,0.49715
1876,125.625,0.492124
1877,125.692,0.482354
1878,125.759,0.485429
1879,125.826,0.445775
1880,125.893,0.437101
1881,125.96,0.408969
1882,126.027,0.401442
1883,126.094,0.390642
1884,126.161,0.372748
1885,126.228,0.36464
1886,126.295,0.35082
1887,126.362,0.343188
1888,126.429,0.340016
1889,126.496,0.326016
1890,126.563,0.325127
1891,126.63,0.311209
1892,126.697,0.308684
1893,126.764,0.305828
1894,126.831,0.297045
1895,126.898,0.288352
1896,126.965,0.28312
1897,127.032,0.268897
1898,127.099,0.254063
1899,127.166,0.250383
1900,127.233,0.231737
1901,127.3,0.22995
1902,127.367,0.230266
1903,127.434,0.227398
1904,127.501,0.225513
1905,127.568,0.219321
1906,127.635,0.216687
1907,127.702,0.216562
1908,127.769,0.216843
1909,127.836,0.215294
1910,127.903,0.213382
1911,127.97,0.202438
1912,128.037,0.200218
1913,128.104,0.194654
1914,128.171,0.189858
1915,128.238,0.185625
1916,128.305,0.175687
1917,128.372,0.167805
1918,128.439,0.16379
1919,128.506,0.15839
1920,128.573,0.149841
1921,128.64,0.14711
1922,128.707,0.144484
1923,128.774,0.144164
1924,128.841,0.143606
1925,128.908,0.143259
1926,128.975,0.143407
1927,129.042,0.143349
1928,129.109,0.143809
1929,129.176,0.143993
1930,129.243,0.146587
1931,129.31,0.148511
1932,129.377,0.150267
1933,129.444,0.160052
1934,129.511,0.16379
1935,129.578,0.171625
1936,129.645,0.179366
1937,129.712,0.183366
1938,129.779,0.190963
1939,129.846,0.201072
1940,129.913,0.206008
1941,129.98,0.217401
1942,130.047,0.23071
1943,130.114,0.238752
1944,130.181,0.267696
1945,130.248,0.273747
1946,130.315,0.305001
1947,130.382,0.321139
1948,130.449,0.341307
1949,130.516,0.365405
1950,130.583,0.397127
1951,130.65,0.40756
1952,130.717,0.426671
1953,130.784,0.442513
1954,130.851,0.471257
1955,130.918,0.508332
1956,130.985,0.524377
1957,131.052,0.53968
1958,131.119,0.609865
1959,131.186,0.627459
1960,131.253,0.644303
1961,131.32,0.660179
1962,131.387,0.670137
1963,131.454,0.679158
1964,131.521,0.687418
1965,131.588,0.690684
1966,131.655,0.72534
1967,131.722,0.730014
1968,131.789,0.731641
1969,131.856,0.738598
1970,131.923,0.738703
1971,131.99,0.738344
1972,132.057,0.736846
1973,132.124,0.731149
1974,132.191,0.725273
1975,132.258,0.724064
1976,132.325,0.723623
1977,132.392,0.72047
1978,132.459,0.71809
1979,132.526,0.715897
1980,132.593,0.663422
1981,132.66,0.655107
1982,132.727,0.605051
1983,132.794,0.5762
1984,132.861,0.566469
1985,132.928,0.508738
1986,132.995,0.468959
1987,133.062,0.462646
1988,133.129,0.446863
1989,133.196,0.426265
1990,133.263,0.431365
1991,133.33,0.445369
1992,133.397,0.445966
1993,133.464,0.442302
1994,133.531,0.439196
1995,133.598,0.435989
1996,133.665,0.429691
1997,133.732,0.427522
1998,133.799,0.427413
1999,133.866,0.419324
2000,133.933,0.416601
2001,134,0.415918
2002,134.067,0.382479
2003,134.134,0.368881
2004,134.201,0.347328
2005,134.268,0.328299
2006,134.335,0.307147
2007,134.402,0.278274
2008,134.469,0.2688
2009,134.536,0.265218
2010,134.603,0.260817
2011,134.67,0.252701
2012,134.737,0.240055
2013,134.804,0.231951
2014,134.871,0.22977
2015,134.938,0.225903
2016,135.005,0.220281
2017,135.072,0.21794
2018,135.139,0.211268
2019,135.206,0.200729
2020,135.273,0.196023
2021,135.34,0.18694
2022,135.407,0.18161
2023,135.474,0.179312
2024,135.541,0.17285
2025,135.608,0.172421
2026,135.675,0.167872
2027,135.742,0.161235
2028,135.809,0.15919
2029,135.876,0.154961
2030,135.943,0.152787
2031,136.01,0.151788
2032,136.077,0.150774
2033,136.144,0.151664
2034,136.211,0.150653
2035,136.278,0.150306
2036,136.345,0.148281
2037,136.412,0.146981
2038,136.479,0.142923
2039,136.546,0.142116
2040,136.613,0.142131
2041,136.68,0.13908
2042,136.747,0.138366
2043,136.814,0.136977
2044,136.881,0.136946
2045,136.948,0.137137
2046,137.015,0.137071
2047,137.082,0.13679
2048,137.149,0.138331
2049,137.216,0.137839
2050,137.283,0.137839
2051,137.35,0.138452
2052,137.417,0.13867
2053,137.484,0.13748
2054,137.551,0.138312
2055,137.618,0.139174
2056,137.685,0.139498
2057,137.752,0.139829
2058,137.819,0.138772
2059,137.886,0.139673
2060,137.953,0.140532
2061,138.02,0.141066
2062,138.087,0.141854
2063,138.154,0.141921
2064,138.221,0.14185
2065,138.288,0.142217
2066,138.355,0.14322
2067,138.422,0.143052
2068,138.489,0.142845
2069,138.556,0.141289
2070,138.623,0.140134
2071,138.69,0.141195
2072,138.757,0.141066
2073,138.824,0.141827
2074,138.891,0.142128
2075,138.958,0.142268
2076,139.025,0.14297
2077,139.092,0.1426
2078,139.159,0.143138
2079,139.226,0.14395
2080,139.293,0.142931
2081,139.36,0.143282
2082,139.427,0.1445
2083,139.494,0.143595
2084,139.561,0.142178
2085,139.628,0.14418
2086,139.695,0.146353
2087,139.762,0.152682
2088,139.829,0.161321
2089,139.896,0.165332
2090,139.963,0.173588
2091,140.03,0.178816
2092,140.097,0.183085
2093,140.164,0.197572
2094,140.231,0.201178
2095,140.298,0.20634
2096,140.365,0.21092
2097,140.432,0.212544
2098,140.499,0.215712
2099,140.566,0.218424
2100,140.633,0.219758
2101,140.7,0.219672
2102,140.767,0.218201
2103,140.834,0.217557
2104,140.901,0.21254
2105,140.968,0.21364
2106,141.035,0.213726
2107,141.102,0.216281
2108,141.169,0.217955
2109,141.236,0.217971
2110,141.303,0.214998
2111,141.37,0.212532
2112,141.437,0.21055
2113,141.504,0.205489
2114,141.571,0.201817
2115,141.638,0.200862
2116,141.705,0.200744
2117,141.772,0.198579
2118,141.839,0.212181
2119,141.906,0.216153
2120,141.973,0.217873
2121,142.04,0.218669
2122,142.107,0.217971
2123,142.174,0.221092
2124,142.241,0.220749
2125,142.308,0.220776
2126,142.375,0.2224
2127,142.442,0.225486
2128,142.509,0.229329
2129,142.576,0.228127
2130,142.643,0.227722
2131,142.71,0.221085
2132,142.777,0.212817
2133,142.844,0.196121
2134,142.911,0.207233
2135,142.978,0.204857
2136,143.045,0.203429
2137,143.112,0.20314
2138,143.179,0.202383
2139,143.246,0.200947
2140,143.313,0.193495
2141,143.38,0.191532
2142,143.447,0.18838
2143,143.514,0.184482
2144,143.581,0.184365
2145,143.648,0.181087
2146,143.715,0.178446
2147,143.782,0.177825
2148,143.849,0.173486
2149,143.916,0.17026
2150,143.983,0.167435
2151,144.05,0.160946
2152,144.117,0.158745
2153,144.184,0.156533
2154,144.251,0.154672
2155,144.318,0.153072
2156,144.385,0.152932
2157,144.452,0.14974
2158,144.519,0.149693
2159,144.586,0.148039
2160,144.653,0.130707
2161,144.72,0.147192
2162,144.787,0.151429
2163,144.854,0.154836
2164,144.921,0.161102
2165,144.988,0.162027
2166,145.055,0.161816
2167,145.122,0.160326
2168,145.189,0.157263
2169,145.256,0.156876
2170,145.323,0.153572
2171,145.39,0.152147
2172,145.457,0.151866
2173,145.524,0.148191
2174,145.591,0.14601
2175,145.658,0.145791
2176,145.725,0.145678
2177,145.792,0.145549
2178,145.859,0.146322
2179,145.926,0.144726
2180,145.993,0.144266
2181,146.06,0.143786
2182,146.127,0.143423
2183,146.194,0.142803
2184,146.261,0.142081
2185,146.328,0.140134
2186,146.395,0.139334
2187,146.462,0.137184
2188,146.529,0.137605
2189,146.596,0.136259
2190,146.663,0.136056
2191,146.73,0.135455
2192,146.797,0.134472
2193,146.864,0.13645
2194,146.931,0.138651
2195,146.998,0.148944
2196,147.065,0.158078
2197,147.132,0.162706
2198,147.199,0.1855
2199,147.266,0.191056
2200,147.333,0.198903
2201,147.4,0.218018
2202,147.467,0.225486
2203,147.534,0.231108
2204,147.601,0.258206
2205,147.668,0.264083
2206,147.735,0.270177
2207,147.802,0.272175
2208,147.869,0.274735
2209,147.936,0.25807
2210,148.003,0.254254
2211,148.07,0.243567
2212,148.137,0.236177
2213,148.204,0.232704
2214,148.271,0.223098
2215,148.338,0.226836
2216,148.405,0.227624
2217,148.472,0.23089
2218,148.539,0.221646
2219,148.606,0.207744
2220,148.673,0.206761
2221,148.74,0.199043
2222,148.807,0.19264
2223,148.874,0.191322
2224,148.941,0.191926
2225,149.008,0.1914
2226,149.075,0.188817
2227,149.142,0.188192
2228,149.209,0.188688
2229,149.276,0.18623
2230,149.343,0.181696
2231,149.41,0.165909
2232,149.477,0.16374
2233,149.544,0.15921
2234,149.611,0.153735
2235,149.678,0.150793
2236,149.745,0.147083
2237,149.812,0.143801
2238,149.879,0.142291
2239,149.946,0.143392
2240,150.013,0.147758
2241,150.08,0.149599
2242,150.147,0.154668
2243,150.214,0.162191
2244,150.281,0.163907
2245,150.348,0.164836
2246,150.415,0.164372
2247,150.482,0.165312
2248,150.549,0.162596
2249,150.616,0.162511
2250,150.683,0.163825
2251,150.75,0.165016
2252,150.817,0.164856
2253,150.884,0.163334
2254,150.951,0.163494
2255,151.018,0.162612
2256,151.085,0.159787
2257,151.152,0.156502
2258,151.219,0.150255
2259,151.286,0.143091
2260,151.353,0.14045
2261,151.42,0.147157
2262,151.487,0.148761
2263,151.554,0.15246
2264,151.621,0.156381
2265,151.688,0.160205
2266,151.755,0.161516
2267,151.822,0.167501
2268,151.889,0.167571
2269,151.956,0.164216
2270,152.023,0.159799
2271,152.09,0.158371
2272,152.157,0.156681
2273,152.224,0.155952
2274,152.291,0.155682
2275,152.358,0.153638
2276,152.425,0.149939
2277,152.492,0.147883
2278,152.559,0.144613
2279,152.626,0.147118
2280,152.693,0.151055
2281,152.76,0.156377
2282,152.827,0.157255
2283,152.894,0.155199
2284,152.961,0.15356
2285,153.028,0.151699
2286,153.095,0.145015
2287,153.162,0.142806
2288,153.229,0.141078
2289,153.296,0.137898
2290,153.363,0.137633
2291,153.43,0.138265
2292,153.497,0.139962
2293,153.564,0.140801
2294,153.631,0.141948
2295,153.698,0.142849
2296,153.765,0.143536
2297,153.832,0.142799
2298,153.899,0.142135
2299,153.966,0.141847
2300,154.033,0.139919
2301,154.1,0.139825
2302,154.167,0.140403
2303,154.234,0.14068
2304,154.301,0.141253
2305,154.368,0.141597
2306,154.435,0.141488
2307,154.502,0.141312
2308,154.569,0.143794
2309,154.636,0.149408
2310,154.703,0.152249
2311,154.77,0.167279
2312,154.837,0.171918
2313,154.904,0.180966
2314,154.971,0.188052
2315,155.038,0.190358
2316,155.105,0.192886
2317,155.172,0.189297
2318,155.239,0.188185
2319,155.306,0.190982
2320,155.373,0.192855
2321,155.44,0.1936
2322,155.507,0.20577
2323,155.574,0.208033
2324,155.641,0.206305
2325,155.708,0.204935
2326,155.775,0.203788
2327,155.842,0.201439
2328,155.909,0.199632
2329,155.976,0.200136
2330,156.043,0.198567
2331,156.11,0.200339
2332,156.177,0.201232
2333,156.244,0.199851
2334,156.311,0.199668
2335,156.378,0.197713
2336,156.445,0.191556
2337,156.512,0.188087
2338,156.579,0.17987
2339,156.646,0.174587
2340,156.713,0.174087
2341,156.78,0.173264
2342,156.847,0.170381
2343,156.914,0.16557
2344,156.981,0.167891
2345,157.048,0.170821
2346,157.115,0.173459
2347,157.182,0.18248
2348,157.249,0.184115
2349,157.316,0.184946
2350,157.383,0.187833
2351,157.45,0.188547
2352,157.517,0.188703
2353,157.584,0.190853
2354,157.651,0.191614
2355,157.718,0.187205
2356,157.785,0.180595
2357,157.852,0.175234
2358,157.919,0.164567
2359,157.986,0.160747
2360,158.053,0.154832
2361,158.12,0.15015
2362,158.187,0.147247
2363,158.254,0.143329
2364,158.321,0.1399
2365,158.388,0.137551
2366,158.455,0.133735
2367,158.522,0.130395
2368,158.589,0.129099
2369,158.656,0.127004
2370,158.723,0.126251
2371,158.79,0.125272
2372,158.857,0.125268
2373,158.924,0.125303
2374,158.991,0.125123
2375,159.058,0.125182
2376,159.125,0.12526
2377,159.192,0.1254
2378,159.259,0.125428
2379,159.326,0.125486
2380,159.393,0.125069
2381,159.46,0.125127
2382,159.527,0.124889
2383,159.594,0.124983
2384,159.661,0.124905
2385,159.728,0.125123
2386,159.795,0.125174
2387,159.862,0.125041
2388,159.929,0.125049
2389,159.996,0.124811
2390,160.063,0.124807
2391,160.13,0.124585
2392,160.197,0.124604
2393,160.264,0.12455
2394,160.331,0.124647
2395,160.398,0.124589
2396,160.465,0.1248
2397,160.532,0.124839
2398,160.599,0.124562
2399,160.666,0.124675
2400,160.733,0.124495
2401,160.8,0.124511
2402,160.867,0.124472
2403,160.934,0.123364
2404,161.001,0.123418
2405,161.068,0.123629
2406,161.135,0.123477
2407,161.202,0.123863
2408,161.269,0.123922
2409,161.336,0.123777
2410,161.403,0.123645
2411,161.47,0.123594
2412,161.537,0.123391
2413,161.604,0.107339
2414,161.671,0.123438
2415,161.738,0.124082
2416,161.805,0.134519
2417,161.872,0.13757
2418,161.939,0.142557
2419,162.006,0.147933
2420,162.073,0.150907
2421,162.14,0.156884
2422,162.207,0.161051
2423,162.274,0.162105
2424,162.341,0.162323
2425,162.408,0.160911
2426,162.475,0.161918
2427,162.542,0.164953
2428,162.609,0.167731
2429,162.676,0.172971
2430,162.743,0.180264
2431,162.81,0.184794
2432,162.877,0.193546
2433,162.944,0.204198
2434,163.011,0.210788
2435,163.078,0.227437
2436,163.145,0.234842
2437,163.212,0.238729
2438,163.279,0.259299
2439,163.346,0.261507
2440,163.413,0.277501
2441,163.48,0.284809
2442,163.547,0.287907
2443,163.614,0.292148
2444,163.681,0.297822
2445,163.748,0.301805
2446,163.815,0.309437
2447,163.882,0.311576
2448,163.949,0.312863
2449,164.016,0.311096
2450,164.083,0.314131
2451,164.15,0.311033
2452,164.217,0.307806
2453,164.284,0.306242
2454,164.351,0.301809
2455,164.418,0.296031
2456,164.485,0.294376
2457,164.552,0.285449
2458,164.619,0.288247
2459,164.686,0.291739
2460,164.753,0.291192
2461,164.82,0.298629
2462,164.887,0.29175
2463,164.954,0.287216
2464,165.021,0.284228
2465,165.088,0.279717
2466,165.155,0.277442
2467,165.222,0.268336
2468,165.289,0.266139
2469,165.356,0.265468
2470,165.423,0.262803
2471,165.49,0.234121
2472,165.557,0.234206
2473,165.624,0.235592
2474,165.691,0.237027
2475,165.758,0.240738
2476,165.825,0.246216
2477,165.892,0.248729
2478,165.959,0.248745
2479,166.026,0.245334
2480,166.093,0.245982
2481,166.16,0.246599
2482,166.227,0.244812
2483,166.294,0.242744
2484,166.361,0.241979
2485,166.428,0.230028
2486,166.495,0.22579
2487,166.562,0.220402
2488,166.629,0.215177
2489,166.696,0.212571
2490,166.763,0.208216
2491,166.83,0.203921
2492,166.897,0.202153
2493,166.964,0.19646
2494,167.031,0.191376
2495,167.098,0.188001
2496,167.165,0.180744
2497,167.232,0.179796
2498,167.299,0.178844
2499,167.366,0.179288
2500,167.433,0.17932
2501,167.5,0.178945
2502,167.567,0.179398
2503,167.634,0.176526
2504,167.701,0.17541
2505,167.768,0.174864
2506,167.835,0.173994
2507,167.902,0.174005
2508,167.969,0.173873
2509,168.036,0.173931
2510,168.103,0.176499
2511,168.17,0.178153
2512,168.237,0.181649
2513,168.304,0.186218
2514,168.371,0.188848
2515,168.438,0.192414
2516,168.505,0.19488
2517,168.572,0.193846
2518,168.639,0.196663
2519,168.706,0.197724
2520,168.773,0.199952
2521,168.84,0.202079
2522,168.907,0.202567
2523,168.974,0.202208
2524,169.041,0.200608
2525,169.108,0.200647
2526,169.175,0.198052
2527,169.242,0.19687
2528,169.309,0.196667
2529,169.376,0.196722
2530,169.443,0.197088
2531,169.51,0.194478
2532,169.577,0.19248
2533,169.644,0.191844
2534,169.711,0.190498
2535,169.778,0.19234
2536,169.845,0.192609
2537,169.912,0.193803
2538,169.979,0.194435
2539,170.046,0.19534
2540,170.113,0.19481
2541,170.18,0.19442
2542,170.247,0.194903
2543,170.314,0.197284
2544,170.381,0.197822
2545,170.448,0.198626
2546,170.515,0.20076
2547,170.582,0.202173
2548,170.649,0.203058
2549,170.716,0.203355
2550,170.783,0.203113
2551,170.85,0.202516
2552,170.917,0.202984
2553,170.984,0.203312
2554,171.051,0.201498
2555,171.118,0.202005
2556,171.185,0.202149
2557,171.252,0.2025
2558,171.319,0.202403
2559,171.386,0.201814
2560,171.453,0.201759
2561,171.52,0.201981
2562,171.587,0.200807
2563,171.654,0.200288
2564,171.721,0.200011
2565,171.788,0.198392
2566,171.855,0.198493
2567,171.922,0.198119
2568,171.989,0.199145
2569,172.056,0.199492
2570,172.123,0.198357
2571,172.19,0.197717
2572,172.257,0.19735
2573,172.324,0.196488
2574,172.391,0.196573
2575,172.458,0.196296
2576,172.525,0.192793
2577,172.592,0.191599
2578,172.659,0.1901
2579,172.726,0.188801
2580,172.793,0.187724
2581,172.86,0.187681
2582,172.927,0.186967
2583,172.994,0.186288
2584,173.061,0.186081
2585,173.128,0.185715
2586,173.195,0.185492
2587,173.262,0.185847
2588,173.329,0.185371
2589,173.396,0.18614
2590,173.463,0.185348
2591,173.53,0.185594
2592,173.597,0.186522
2593,173.664,0.186831
2594,173.731,0.186811
2595,173.798,0.186811
2596,173.865,0.186518
2597,173.932,0.186569
2598,173.999,0.185925
2599,174.066,0.186234
2600,174.133,0.186261
2601,174.2,0.185641
2602,174.267,0.185364
2603,174.334,0.18509
2604,174.401,0.184649
2605,174.468,0.184509
2606,174.535,0.184806
2607,174.602,0.185168
2608,174.669,0.184942
2609,174.736,0.184006
2610,174.803,0.184934
2611,174.87,0.184665
2612,174.937,0.183573
2613,175.004,0.183167
2614,175.071,0.181942
2615,175.138,0.181376
2616,175.205,0.181235
2617,175.272,0.181512
2618,175.339,0.181953
2619,175.406,0.182531
2620,175.473,0.183159
2621,175.54,0.18399
2622,175.607,0.1863
2623,175.674,0.188809
2624,175.741,0.19021
2625,175.808,0.193378
2626,175.875,0.195656
2627,175.942,0.195945
2628,176.009,0.195403
2629,176.076,0.19362
2630,176.143,0.192285
2631,176.21,0.190237
2632,176.277,0.187705
2633,176.344,0.185613
2634,176.411,0.184275
2635,176.478,0.183779

Time taken using 7Threads : 25.6528
