frame,Time,Density
4,0,0
7,0.2,0
10,0.4,0
13,0.6,0.109333
16,0.8,0.12
19,1,0.110667
22,1.2,0.102667
25,1.4,0.088
28,1.6,0.0906667
31,1.8,0.108
34,2,0.114667
37,2.2,0.124
40,2.4,0.121333
43,2.6,0.121333
46,2.8,0.114667
49,3,0.109333
52,3.2,0.114667
55,3.4,0.110667
58,3.6,0.109333
61,3.8,0.114667
64,4,0.124
67,4.2,0.121333
70,4.4,0.1
73,4.6,0.084
76,4.8,0.0733333
79,5,0.072
82,5.2,0.0733333
85,5.4,0.092
88,5.6,0.105333
91,5.8,0.122667
94,6,0.132
97,6.2,0.144
100,6.4,0.148
103,6.6,0.132
106,6.8,0.117333
109,7,0.102667
112,7.2,0.106667
115,7.4,0.122667
118,7.6,0.138667
121,7.8,0.144
124,8,0.148
127,8.2,0.161333
130,8.4,0.174667
133,8.6,0.192
136,8.8,0.197333
139,9,0.210667
142,9.2,0.205333
145,9.4,0.198667
148,9.6,0.194667
151,9.8,0.181333
154,10,0.165333
157,10.2,0.138667
160,10.4,0.132
163,10.6,0.125333
166,10.8,0.128
169,11,0.116
172,11.2,0.12
175,11.4,0.117333
178,11.6,0.124
181,11.8,0.114667
184,12,0.112
187,12.2,0.0973333
190,12.4,0.088
193,12.6,0.0613333
196,12.8,0.048
199,13,0.0333333
202,13.2,0.0293333
205,13.4,0.0213333
208,13.6,0.0146667
211,13.8,0.0133333
214,14,0.012
217,14.2,0.012
220,14.4,0.008
223,14.6,0.008
226,14.8,0.00666667
229,15,0.008
232,15.2,0.00933333
235,15.4,0.0133333
238,15.6,0.0186667
241,15.8,0.02
244,16,0.0186667
247,16.2,0.0106667
250,16.4,0.00933333
253,16.6,0.00666667
256,16.8,0.0106667
259,17,0.008
262,17.2,0.00666667
265,17.4,0.004
268,17.6,0.004
271,17.8,0.004
274,18,0.004
277,18.2,0.00266667
280,18.4,0.012
283,18.6,0.0253333
286,18.8,0.044
289,19,0.052
292,19.2,0.0546667
295,19.4,0.0546667
298,19.6,0.0506667
301,19.8,0.0466667
304,20,0.0386667
307,20.2,0.0306667
310,20.4,0.0253333
313,20.6,0.02
316,20.8,0.02
319,21,0.0173333
322,21.2,0.016
325,21.4,0.012
328,21.6,0.0133333
331,21.8,0.0133333
334,22,0.0133333
337,22.2,0.008
340,22.4,0.0133333
343,22.6,0.0293333
346,22.8,0.044
349,23,0.0506667
352,23.2,0.0506667
355,23.4,0.0546667
358,23.6,0.0586667
361,23.8,0.0533333
364,24,0.0466667
367,24.2,0.0413333
370,24.4,0.0413333
373,24.6,0.04
376,24.8,0.0426667
379,25,0.0426667
382,25.2,0.044
385,25.4,0.0506667
388,25.6,0.0693333
391,25.8,0.0906667
394,26,0.1
397,26.2,0.0986667
400,26.4,0.0853333
403,26.6,0.0853333
406,26.8,0.0813333
409,27,0.0746667
412,27.2,0.056
415,27.4,0.0546667
418,27.6,0.0626667
421,27.8,0.0706667
424,28,0.0826667
427,28.2,0.1
430,28.4,0.118667
433,28.6,0.108
436,28.8,0.101333
439,29,0.0933333
442,29.2,0.0933333
445,29.4,0.088
448,29.6,0.0973333
451,29.8,0.102667
454,30,0.105333
457,30.2,0.0973333
460,30.4,0.102667
463,30.6,0.104
466,30.8,0.1
469,31,0.0946667
472,31.2,0.096
475,31.4,0.0946667
478,31.6,0.0946667
481,31.8,0.0906667
484,32,0.0826667
487,32.2,0.068
490,32.4,0.0586667
493,32.6,0.052
496,32.8,0.044
499,33,0.0293333
502,33.2,0.0333333
505,33.4,0.044
508,33.6,0.0626667
511,33.8,0.0813333
514,34,0.096
517,34.2,0.113333
520,34.4,0.121333
523,34.6,0.126667
526,34.8,0.126667
529,35,0.132
532,35.2,0.134667
535,35.4,0.145333
538,35.6,0.133333
541,35.8,0.125333
544,36,0.116
547,36.2,0.118667
550,36.4,0.116
553,36.6,0.105333
556,36.8,0.105333
559,37,0.105333
562,37.2,0.132
565,37.4,0.145333
568,37.6,0.176
571,37.8,0.168
574,38,0.149333
577,38.2,0.116
580,38.4,0.0826667
583,38.6,0.068
586,38.8,0.0626667
589,39,0.0733333
592,39.2,0.0773333
595,39.4,0.084
598,39.6,0.0893333
601,39.8,0.101333
604,40,0.105333
607,40.2,0.109333
610,40.4,0.121333
613,40.6,0.129333
616,40.8,0.152
619,41,0.158667
622,41.2,0.173333
625,41.4,0.169333
628,41.6,0.161333
631,41.8,0.156
634,42,0.149333
637,42.2,0.152
640,42.4,0.141333
643,42.6,0.122667
646,42.8,0.112
649,43,0.116
652,43.2,0.132
655,43.4,0.134667
658,43.6,0.121333
661,43.8,0.109333
664,44,0.102667
667,44.2,0.106667
670,44.4,0.108
673,44.6,0.102667
676,44.8,0.101333
679,45,0.0946667
682,45.2,0.096
685,45.4,0.0986667
688,45.6,0.101333
691,45.8,0.110667
694,46,0.113333
697,46.2,0.125333
700,46.4,0.126667
703,46.6,0.125333
706,46.8,0.118667
709,47,0.108
712,47.2,0.101333
715,47.4,0.088
718,47.6,0.0773333
721,47.8,0.0626667
724,48,0.056
727,48.2,0.0493333
730,48.4,0.0466667
733,48.6,0.044
736,48.8,0.04
739,49,0.0373333
742,49.2,0.0386667
745,49.4,0.04
748,49.6,0.04
751,49.8,0.0346667
754,50,0.0333333
757,50.2,0.036
760,50.4,0.0386667
763,50.6,0.0426667
766,50.8,0.04
769,51,0.036
772,51.2,0.0306667
775,51.4,0.0253333
778,51.6,0.0253333
781,51.8,0.0253333
784,52,0.028
787,52.2,0.0306667
790,52.4,0.036
793,52.6,0.044
796,52.8,0.052
799,53,0.0626667
802,53.2,0.0693333
805,53.4,0.0773333
808,53.6,0.0826667
811,53.8,0.0893333
814,54,0.0866667
817,54.2,0.0826667
820,54.4,0.0813333
823,54.6,0.0773333
826,54.8,0.0666667
829,55,0.0493333
832,55.2,0.0413333
835,55.4,0.0373333
838,55.6,0.04
841,55.8,0.0426667
844,56,0.0426667
847,56.2,0.04
850,56.4,0.036
853,56.6,0.036
856,56.8,0.04
859,57,0.044
862,57.2,0.0453333
865,57.4,0.0466667
868,57.6,0.048
871,57.8,0.0453333
874,58,0.0373333
877,58.2,0.028
880,58.4,0.02
883,58.6,0.012
886,58.8,0.004
889,59,0.00666667
892,59.2,0.00933333
895,59.4,0.0133333
898,59.6,0.0106667
901,59.8,0.00933333
904,60,0.00533333
907,60.2,0.00266667
910,60.4,0.00133333
913,60.6,0.00133333
916,60.8,0.00133333
919,61,0
922,61.2,0
925,61.4,0
928,61.6,0
931,61.8,0
934,62,0
937,62.2,0
940,62.4,0.00266667
943,62.6,0.00666667
946,62.8,0.012
949,63,0.0133333
952,63.2,0.012
955,63.4,0.00933333
958,63.6,0.008
961,63.8,0.008
964,64,0.008
967,64.2,0.00666667
970,64.4,0.004
973,64.6,0.00266667
976,64.8,0.00266667
979,65,0.00666667
982,65.2,0.00933333
985,65.4,0.0133333
988,65.6,0.0146667
991,65.8,0.0133333
994,66,0.0106667
997,66.2,0.008
1000,66.4,0.00666667
1003,66.6,0.008
1006,66.8,0.0106667
1009,67,0.016
1012,67.2,0.0226667
1015,67.4,0.024
1018,67.6,0.0266667
1021,67.8,0.0226667
1024,68,0.0213333
1027,68.2,0.0173333
1030,68.4,0.0133333
1033,68.6,0.0146667
1036,68.8,0.0133333
1039,69,0.012
1042,69.2,0.012
1045,69.4,0.016
1048,69.6,0.0226667
1051,69.8,0.0293333
1054,70,0.0293333
1057,70.2,0.0293333
1060,70.4,0.0253333
1063,70.6,0.0253333
1066,70.8,0.024
1069,71,0.0173333
1072,71.2,0.016
1075,71.4,0.016
1078,71.6,0.0226667
1081,71.8,0.024
1084,72,0.024
1087,72.2,0.0213333
1090,72.4,0.016
1093,72.6,0.0146667
1096,72.8,0.0146667
1099,73,0.02
1102,73.2,0.024
1105,73.4,0.0293333
1108,73.6,0.0306667
1111,73.8,0.0333333
1114,74,0.032
1117,74.2,0.028
1120,74.4,0.0253333
1123,74.6,0.024
1126,74.8,0.028
1129,75,0.0306667
1132,75.2,0.0306667
1135,75.4,0.0333333
1138,75.6,0.036
1141,75.8,0.0413333
1144,76,0.0466667
1147,76.2,0.048
1150,76.4,0.0533333
1153,76.6,0.0573333
1156,76.8,0.0733333
1159,77,0.0813333
1162,77.2,0.0826667
1165,77.4,0.076
1168,77.6,0.0693333
1171,77.8,0.0693333
1174,78,0.064
1177,78.2,0.0546667
1180,78.4,0.0453333
1183,78.6,0.0386667
1186,78.8,0.0426667
1189,79,0.0466667
1192,79.2,0.044
1195,79.4,0.04
1198,79.6,0.0346667
1201,79.8,0.0373333
1204,80,0.04
1207,80.2,0.0373333
1210,80.4,0.032
1213,80.6,0.0213333
1216,80.8,0.016
1219,81,0.00933333
1222,81.2,0.008
1225,81.4,0.00666667
1228,81.6,0.0146667
1231,81.8,0.0213333
1234,82,0.032
1237,82.2,0.0346667
1240,82.4,0.0413333
1243,82.6,0.0413333
1246,82.8,0.0493333
1249,83,0.0466667
1252,83.2,0.048
1255,83.4,0.04
1258,83.6,0.044
1261,83.8,0.048
1264,84,0.0466667
1267,84.2,0.0413333
1270,84.4,0.0386667
1273,84.6,0.0386667
1276,84.8,0.04
1279,85,0.0386667
1282,85.2,0.0413333
1285,85.4,0.0413333
1288,85.6,0.0426667
1291,85.8,0.0493333
1294,86,0.056
1297,86.2,0.056
1300,86.4,0.0493333
1303,86.6,0.0426667
1306,86.8,0.0333333
1309,87,0.028
1312,87.2,0.0213333
1315,87.4,0.0226667
1318,87.6,0.0226667
1321,87.8,0.0266667
1324,88,0.0306667
1327,88.2,0.032
1330,88.4,0.0266667
1333,88.6,0.02
1336,88.8,0.0133333
1339,89,0.016
1342,89.2,0.0226667
1345,89.4,0.0293333
1348,89.6,0.0306667
1351,89.8,0.0293333
1354,90,0.0253333
1357,90.2,0.0253333
1360,90.4,0.0226667
1363,90.6,0.0293333
1366,90.8,0.0333333
1369,91,0.0413333
1372,91.2,0.0386667
1375,91.4,0.0346667
1378,91.6,0.0306667
1381,91.8,0.0373333
1384,92,0.044
1387,92.2,0.0466667
1390,92.4,0.0386667
1393,92.6,0.032
1396,92.8,0.0266667
1399,93,0.028
1402,93.2,0.0253333
1405,93.4,0.0226667
1408,93.6,0.0173333
1411,93.8,0.0173333
1414,94,0.0226667
1417,94.2,0.0346667
1420,94.4,0.0426667
1423,94.6,0.0413333
1426,94.8,0.0346667
1429,95,0.0413333
1432,95.2,0.0746667
1435,95.4,0.113333
1438,95.6,0.153333
1441,95.8,0.18
1444,96,0.229333
1447,96.2,0.277333
1450,96.4,0.313333
1453,96.6,0.32
1456,96.8,0.3
1459,97,0.304
1462,97.2,0.305333
1465,97.4,0.334667
1468,97.6,0.38
1471,97.8,0.422667
1474,98,0.465333
1477,98.2,0.478667
1480,98.4,0.48
1483,98.6,0.474667
1486,98.8,0.462667
1489,99,0.485333
1492,99.2,0.513333
1495,99.4,0.533333
1498,99.6,0.548
1501,99.8,0.561333
1504,100,0.592
1507,100.2,0.624
1510,100.4,0.642667
1513,100.6,0.625333
1516,100.8,0.590667
1519,101,0.481333
1522,101.2,0.476
1525,101.4,0.469333
1528,101.6,0.536
1531,101.8,0.508
1534,102,0.481333
1537,102.2,0.48
1540,102.4,0.488
1543,102.6,0.470667
1546,102.8,0.441333
1549,103,0.433333
1552,103.2,0.46
1555,103.4,0.458667
1558,103.6,0.444
1561,103.8,0.410667
1564,104,0.409333
1567,104.2,0.413333
1570,104.4,0.410667
1573,104.6,0.385333
1576,104.8,0.368
1579,105,0.386667
1582,105.2,0.401333
1585,105.4,0.442667
1588,105.6,0.478667
1591,105.8,0.554667
1594,106,0.576
1597,106.2,0.637333
1600,106.4,0.693333
1603,106.6,0.777333
1606,106.8,0.830667
1609,107,0.837333
1612,107.2,0.833333
1615,107.4,0.810667
1618,107.6,0.788
1621,107.8,0.785333
1624,108,0.784
1627,108.2,0.805333
1630,108.4,0.761333
1633,108.6,0.737333
1636,108.8,0.722667
1639,109,0.704
1642,109.2,0.674667
1645,109.4,0.650667
1648,109.6,0.637333
1651,109.8,0.650667
1654,110,0.625333
1657,110.2,0.602667
1660,110.4,0.561333
1663,110.6,0.534667
1666,110.8,0.549333
1669,111,0.522667
1672,111.2,0.512
1675,111.4,0.465333
1678,111.6,0.445333
1681,111.8,0.413333
1684,112,0.412
1687,112.2,0.4
1690,112.4,0.386667
1693,112.6,0.374667
1696,112.8,0.352
1699,113,0.344
1702,113.2,0.302667
1705,113.4,0.293333
1708,113.6,0.3
1711,113.8,0.324
1714,114,0.362667
1717,114.2,0.385333
1720,114.4,0.397333
1723,114.6,0.378667
1726,114.8,0.348
1729,115,0.353333
1732,115.2,0.317333
1735,115.4,0.272
1738,115.6,0.202667
1741,115.8,0.210667
1744,116,0.224
1747,116.2,0.253333
1750,116.4,0.252
1753,116.6,0.302667
1756,116.8,0.332
1759,117,0.361333
1762,117.2,0.345333
1765,117.4,0.344
1768,117.6,0.341333
1771,117.8,0.350667
1774,118,0.354667
1777,118.2,0.366667
1780,118.4,0.356
1783,118.6,0.341333
1786,118.8,0.309333
1789,119,0.292
1792,119.2,0.286667
1795,119.4,0.292
1798,119.6,0.298667
1801,119.8,0.313333
1804,120,0.316
1807,120.2,0.341333
1810,120.4,0.366667
1813,120.6,0.405333
1816,120.8,0.405333
1819,121,0.4
1822,121.2,0.377333
1825,121.4,0.352
1828,121.6,0.349333
1831,121.8,0.346667
1834,122,0.356
1837,122.2,0.313333
1840,122.4,0.292
1843,122.6,0.265333
1846,122.8,0.266667
1849,123,0.250667
1852,123.2,0.248
1855,123.4,0.217333
1858,123.6,0.202667
1861,123.8,0.185333
1864,124,0.18
1867,124.2,0.18
1870,124.4,0.178667
1873,124.6,0.182667
1876,124.8,0.192
1879,125,0.201333
1882,125.2,0.233333
1885,125.4,0.257333
1888,125.6,0.253333
1891,125.8,0.246667
1894,126,0.229333
1897,126.2,0.245333
1900,126.4,0.246667
1903,126.6,0.261333
1906,126.8,0.261333
1909,127,0.266667
1912,127.2,0.253333
1915,127.4,0.277333
1918,127.6,0.282667
1921,127.8,0.288
1924,128,0.273333
1927,128.2,0.293333
1930,128.4,0.281333
1933,128.6,0.281333
1936,128.8,0.250667
1939,129,0.264
1942,129.2,0.237333
1945,129.4,0.244
1948,129.6,0.242667
1951,129.8,0.262667
1954,130,0.246667
1957,130.2,0.226667
1960,130.4,0.185333
1963,130.6,0.164
1966,130.8,0.138667
1969,131,0.129333
1972,131.2,0.092
1975,131.4,0.06
1978,131.6,0.0373333
1981,131.8,0.0373333
1984,132,0.0426667
1987,132.2,0.0426667
1990,132.4,0.0386667
1993,132.6,0.0306667
1996,132.8,0.028
1999,133,0.0293333
2002,133.2,0.0373333
2005,133.4,0.04
2008,133.6,0.048
2011,133.8,0.0706667
2014,134,0.0893333
2017,134.2,0.105333
2020,134.4,0.108
2023,134.6,0.117333
2026,134.8,0.117333
2029,135,0.109333
2032,135.2,0.109333
2035,135.4,0.134667
2038,135.6,0.192
2041,135.8,0.249333
2044,136,0.282667
2047,136.2,0.289333
2050,136.4,0.294667
2053,136.6,0.318667
2056,136.8,0.304
2059,137,0.289333
2062,137.2,0.24
2065,137.4,0.217333
2068,137.6,0.18
2071,137.8,0.156
2074,138,0.128
2077,138.2,0.108
2080,138.4,0.0906667
2083,138.6,0.0946667
2086,138.8,0.092
2089,139,0.1
2092,139.2,0.092
2095,139.4,0.1
2098,139.6,0.0893333
2101,139.8,0.088
2104,140,0.0786667
2107,140.2,0.0946667
2110,140.4,0.109333
2113,140.6,0.129333
2116,140.8,0.122667
2119,141,0.114667
2122,141.2,0.0933333
2125,141.4,0.104
2128,141.6,0.132
2131,141.8,0.145333
2134,142,0.146667
2137,142.2,0.152
2140,142.4,0.165333
2143,142.6,0.170667
2146,142.8,0.164
2149,143,0.173333
2152,143.2,0.192
2155,143.4,0.189333
2158,143.6,0.189333
2161,143.8,0.177333
2164,144,0.153333
2167,144.2,0.117333
2170,144.4,0.0906667
2173,144.6,0.0986667
2176,144.8,0.104
2179,145,0.106667
2182,145.2,0.105333
2185,145.4,0.106667
2188,145.6,0.110667
2191,145.8,0.102667
2194,146,0.0986667
2197,146.2,0.0933333
2200,146.4,0.0933333
2203,146.6,0.0933333
2206,146.8,0.0826667
2209,147,0.072
2212,147.2,0.0573333
2215,147.4,0.0466667
2218,147.6,0.0373333
2221,147.8,0.0333333
2224,148,0.0306667
2227,148.2,0.0333333
2230,148.4,0.036
2233,148.6,0.04
2236,148.8,0.036
2239,149,0.0333333
2242,149.2,0.0346667
2245,149.4,0.0373333
2248,149.6,0.0413333
2251,149.8,0.0373333
2254,150,0.036
2257,150.2,0.032
2260,150.4,0.0386667
2263,150.6,0.0413333
2266,150.8,0.0426667
2269,151,0.0493333
2272,151.2,0.0786667
2275,151.4,0.134667
2278,151.6,0.174667
2281,151.8,0.198667
2284,152,0.196
2287,152.2,0.189333
2290,152.4,0.186667
2293,152.6,0.197333
2296,152.8,0.210667
2299,153,0.237333
2302,153.2,0.256
2305,153.4,0.273333
2308,153.6,0.253333
2311,153.8,0.226667
2314,154,0.209333
2317,154.2,0.208
2320,154.4,0.190667
2323,154.6,0.172
2326,154.8,0.144
2329,155,0.149333
2332,155.2,0.148
2335,155.4,0.150667
2338,155.6,0.134667
2341,155.8,0.118667
2344,156,0.1
2347,156.2,0.0786667
2350,156.4,0.0706667
2353,156.6,0.0653333
2356,156.8,0.06
2359,157,0.048
2362,157.2,0.0466667
2365,157.4,0.048
2368,157.6,0.056
2371,157.8,0.06
2374,158,0.0733333
2377,158.2,0.0653333
2380,158.4,0.056
2383,158.6,0.04
2386,158.8,0.032
2389,159,0.0373333
2392,159.2,0.048
2395,159.4,0.056
2398,159.6,0.052
2401,159.8,0.06
2404,160,0.0786667
2407,160.2,0.096
2410,160.4,0.0946667
2413,160.6,0.084
2416,160.8,0.0666667
2419,161,0.0506667
2422,161.2,0.0426667
2425,161.4,0.04
2428,161.6,0.0346667
2431,161.8,0.0293333
2434,162,0.0266667
2437,162.2,0.0293333
2440,162.4,0.032
2443,162.6,0.0373333
2446,162.8,0.0466667
2449,163,0.0586667
2452,163.2,0.064
2455,163.4,0.0733333
2458,163.6,0.076
2461,163.8,0.0893333
2464,164,0.0893333
2467,164.2,0.1
2470,164.4,0.0933333
2473,164.6,0.0946667
2476,164.8,0.072
2479,165,0.0586667
2482,165.2,0.04
2485,165.4,0.0466667
2488,165.6,0.0493333
2491,165.8,0.0546667
2494,166,0.0546667
2497,166.2,0.0546667
2500,166.4,0.0573333
2503,166.6,0.052
2506,166.8,0.052
2509,167,0.0413333
2512,167.2,0.044
2515,167.4,0.0546667
2518,167.6,0.0826667
2521,167.8,0.0986667
2524,168,0.117333
2527,168.2,0.117333
2530,168.4,0.125333
2533,168.6,0.124
2536,168.8,0.138667
2539,169,0.136
2542,169.2,0.137333
2545,169.4,0.130667
2548,169.6,0.125333
2551,169.8,0.114667
2554,170,0.104
2557,170.2,0.0973333
2560,170.4,0.088
2563,170.6,0.0706667
2566,170.8,0.0613333
2569,171,0.0453333
2572,171.2,0.0306667
2575,171.4,0.012
2578,171.6,0.00266667
2581,171.8,0
2584,172,0
2587,172.2,0
2590,172.4,0
2593,172.6,0
2596,172.8,0
2599,173,0
2602,173.2,0
2605,173.4,0
2608,173.6,0
2611,173.8,0
2614,174,0
2617,174.2,0
2620,174.4,0
2623,174.6,0
2626,174.8,0
2629,175,0.0146667
2632,175.2,0.036
2635,175.4,0.0573333
2638,175.6,0.0573333
2641,175.8,0.0626667
2644,176,0.0826667
2647,176.2,0.118667
2650,176.4,0.144
2653,176.6,0.165333
2656,176.8,0.170667
2659,177,0.177333
2662,177.2,0.174667
2665,177.4,0.174667
2668,177.6,0.176
2671,177.8,0.176
2674,178,0.185333
2677,178.2,0.173333
2680,178.4,0.149333
2683,178.6,0.109333
2686,178.8,0.0893333
2689,179,0.0813333
2692,179.2,0.076
2695,179.4,0.0733333
2698,179.6,0.064
2701,179.8,0.068
2704,180,0.0626667
2707,180.2,0.0693333
2710,180.4,0.0666667
2713,180.6,0.064
2716,180.8,0.0626667
2719,181,0.0626667
2722,181.2,0.0653333
2725,181.4,0.0653333
2728,181.6,0.072
2731,181.8,0.0773333
2734,182,0.088
2737,182.2,0.1
2740,182.4,0.122667
2743,182.6,0.141333
2746,182.8,0.141333
2749,183,0.148
2752,183.2,0.157333
2755,183.4,0.178667
2758,183.6,0.184
2761,183.8,0.174667
2764,184,0.169333
2767,184.2,0.166667
2770,184.4,0.165333
2773,184.6,0.162667
2776,184.8,0.152
2779,185,0.141333
2782,185.2,0.132
2785,185.4,0.129333
2788,185.6,0.136
2791,185.8,0.137333
2794,186,0.132
2797,186.2,0.125333
2800,186.4,0.122667
2803,186.6,0.126667
2806,186.8,0.129333
2809,187,0.129333
2812,187.2,0.114667
2815,187.4,0.0906667
2818,187.6,0.0586667
2821,187.8,0.0333333
2824,188,0.0173333
2827,188.2,0.00933333
2830,188.4,0.00933333
2833,188.6,0.008
2836,188.8,0.00933333
2839,189,0.00933333
2842,189.2,0.00933333
2845,189.4,0.00666667
2848,189.6,0.00666667
2851,189.8,0.00666667
2854,190,0.0173333
2857,190.2,0.02
2860,190.4,0.0213333
2863,190.6,0.012
2866,190.8,0.00933333
2869,191,0.008
2872,191.2,0.008
2875,191.4,0.008
2878,191.6,0.0173333
2881,191.8,0.0266667
2884,192,0.04
2887,192.2,0.0493333
2890,192.4,0.052
2893,192.6,0.0533333
2896,192.8,0.052
2899,193,0.056
2902,193.2,0.056
2905,193.4,0.0573333
2908,193.6,0.056
2911,193.8,0.0573333
2914,194,0.0586667
2917,194.2,0.0666667
2920,194.4,0.0706667
2923,194.6,0.0706667
2926,194.8,0.068
2929,195,0.068
2932,195.2,0.0613333
2935,195.4,0.0613333
2938,195.6,0.0586667
2941,195.8,0.0653333
2944,196,0.064
2947,196.2,0.064
2950,196.4,0.0626667
2953,196.6,0.064
2956,196.8,0.0666667
2959,197,0.068
2962,197.2,0.0613333
2965,197.4,0.0573333
2968,197.6,0.0533333
2971,197.8,0.0573333
2974,198,0.06
2977,198.2,0.06
2980,198.4,0.0586667
2983,198.6,0.0533333
2986,198.8,0.056
2989,199,0.0573333
2992,199.2,0.0653333
2995,199.4,0.0693333
2998,199.6,0.08
3001,199.8,0.0853333
3004,200,0.092
3007,200.2,0.092
3010,200.4,0.092
3013,200.6,0.109333
3016,200.8,0.129333
3019,201,0.150667
3022,201.2,0.161333
3025,201.4,0.173333
3028,201.6,0.186667
3031,201.8,0.182667
3034,202,0.177333
3037,202.2,0.168
3040,202.4,0.174667
3043,202.6,0.172
3046,202.8,0.172
3049,203,0.156
3052,203.2,0.146667
3055,203.4,0.14
3058,203.6,0.138667
3061,203.8,0.149333
3064,204,0.161333
3067,204.2,0.174667
3070,204.4,0.172
3073,204.6,0.165333
3076,204.8,0.165333
3079,205,0.173333
3082,205.2,0.169333
3085,205.4,0.16
3088,205.6,0.142667
3091,205.8,0.137333
3094,206,0.122667
3097,206.2,0.110667
3100,206.4,0.0986667
3103,206.6,0.101333
3106,206.8,0.105333
3109,207,0.113333
3112,207.2,0.118667
3115,207.4,0.130667
3118,207.6,0.128
3121,207.8,0.117333
3124,208,0.101333
3127,208.2,0.0973333
3130,208.4,0.0986667
3133,208.6,0.1
3136,208.8,0.0786667
3139,209,0.052
3142,209.2,0.0253333
3145,209.4,0.0186667
3148,209.6,0.0213333
3151,209.8,0.0213333
3154,210,0.0266667
3157,210.2,0.0266667
3160,210.4,0.032
3163,210.6,0.028
3166,210.8,0.028
3169,211,0.0226667
3172,211.2,0.02
3175,211.4,0.02
3178,211.6,0.0253333
3181,211.8,0.0306667
3184,212,0.032
3187,212.2,0.0306667
3190,212.4,0.032
3193,212.6,0.0333333
3196,212.8,0.0306667
3199,213,0.0306667
3202,213.2,0.0346667
3205,213.4,0.0373333
3208,213.6,0.0306667
3211,213.8,0.0186667
3214,214,0.00933333
3217,214.2,0.00533333
3220,214.4,0.00266667
3223,214.6,0.004
3226,214.8,0.00933333
3229,215,0.016
3232,215.2,0.0253333
3235,215.4,0.0333333
3238,215.6,0.032
3241,215.8,0.0266667
3244,216,0.0186667
3247,216.2,0.016
3250,216.4,0.016
3253,216.6,0.016
3256,216.8,0.016
3259,217,0.0146667
3262,217.2,0.00933333
3265,217.4,0.00533333
3268,217.6,0.004
3271,217.8,0.00533333
3274,218,0.00933333
3277,218.2,0.0106667
3280,218.4,0.00933333
3283,218.6,0.00666667
3286,218.8,0.00266667
3289,219,0.008
3292,219.2,0.00933333
3295,219.4,0.0106667
3298,219.6,0.00533333
3301,219.8,0.00266667
3304,220,0
3307,220.2,0
3310,220.4,0
3313,220.6,0.00133333
3316,220.8,0.00266667
3319,221,0.00666667
3322,221.2,0.00533333
3325,221.4,0.0106667
3328,221.6,0.008
3331,221.8,0.0106667
3334,222,0.0106667
3337,222.2,0.0186667
3340,222.4,0.0226667
3343,222.6,0.0213333
3346,222.8,0.0173333
3349,223,0.016
3352,223.2,0.016
3355,223.4,0.0173333
3358,223.6,0.0173333
3361,223.8,0.0146667
3364,224,0.016
3367,224.2,0.016
3370,224.4,0.0213333
3373,224.6,0.0146667
3376,224.8,0.0133333
3379,225,0.008
3382,225.2,0.0106667
3385,225.4,0.0106667
3388,225.6,0.0106667
3391,225.8,0.00933333
3394,226,0.00666667
3397,226.2,0.004
3400,226.4,0.00133333
3403,226.6,0.00133333
3406,226.8,0.004
3409,227,0.008
3412,227.2,0.00933333
3415,227.4,0.0106667
3418,227.6,0.008
3421,227.8,0.00533333
3424,228,0.00133333
3427,228.2,0
3430,228.4,0
3433,228.6,0
3436,228.8,0
3439,229,0
3442,229.2,0
3445,229.4,0.00133333
3448,229.6,0.00266667
3451,229.8,0.00266667
3454,230,0.00133333
3457,230.2,0
3460,230.4,0
3463,230.6,0
3466,230.8,0
3469,231,0
3472,231.2,0
3475,231.4,0
3478,231.6,0
3481,231.8,0
3484,232,0
3487,232.2,0
3490,232.4,0
3493,232.6,0
3496,232.8,0.00133333
3499,233,0.00133333
3502,233.2,0.00133333
3505,233.4,0
3508,233.6,0
3511,233.8,0
3514,234,0
3517,234.2,0
3520,234.4,0
3523,234.6,0
3526,234.8,0
3529,235,0
3532,235.2,0
3535,235.4,0
3538,235.6,0
3541,235.8,0
3544,236,0
3547,236.2,0.00133333
3550,236.4,0.004
3553,236.6,0.00666667
3556,236.8,0.00666667
3559,237,0.00533333
3562,237.2,0.00533333
3565,237.4,0.00533333
3568,237.6,0.00533333
3571,237.8,0.00266667
3574,238,0.00133333
3577,238.2,0
3580,238.4,0
3583,238.6,0
3586,238.8,0
3589,239,0.00266667
3592,239.2,0.00666667
3595,239.4,0.00666667
3598,239.6,0.004
3601,239.8,0
3604,240,0
3607,240.2,0
3610,240.4,0
3613,240.6,0
3616,240.8,0
3619,241,0
3622,241.2,0.00133333
3625,241.4,0.004
3628,241.6,0.00666667
3631,241.8,0.008
3634,242,0.008
3637,242.2,0.008
3640,242.4,0.00933333
3643,242.6,0.00933333
3646,242.8,0.008
3649,243,0.00666667
3652,243.2,0.00666667
3655,243.4,0.008
3658,243.6,0.008
3661,243.8,0.00666667
3664,244,0.00666667
3667,244.2,0.00666667
3670,244.4,0.008
3673,244.6,0.0106667
3676,244.8,0.012
3679,245,0.0133333
3682,245.2,0.0146667
3685,245.4,0.0146667
3688,245.6,0.016
3691,245.8,0.012
3694,246,0.0106667
3697,246.2,0.00533333
3700,246.4,0.004
3703,246.6,0.0146667
3706,246.8,0.0293333
3709,247,0.0426667
3712,247.2,0.0426667
3715,247.4,0.04
3718,247.6,0.04
3721,247.8,0.0413333
3724,248,0.04
3727,248.2,0.04
3730,248.4,0.0386667
3733,248.6,0.0453333
3736,248.8,0.048
3739,249,0.0493333
3742,249.2,0.048
3745,249.4,0.0453333
3748,249.6,0.048
3751,249.8,0.048
3754,250,0.0413333
3757,250.2,0.0266667
3760,250.4,0.0106667
3763,250.6,0.00266667
3766,250.8,0
3769,251,0.004
3772,251.2,0.00533333
3775,251.4,0.008
3778,251.6,0.00933333
3781,251.8,0.0173333
3784,252,0.028
3787,252.2,0.036
3790,252.4,0.0386667
3793,252.6,0.0346667
3796,252.8,0.0386667
3799,253,0.0493333
3802,253.2,0.0586667
3805,253.4,0.064
3808,253.6,0.064
3811,253.8,0.0746667
3814,254,0.08
3817,254.2,0.08
3820,254.4,0.0613333
3823,254.6,0.0413333
3826,254.8,0.0266667
3829,255,0.02
3832,255.2,0.016
3835,255.4,0.0106667
3838,255.6,0.012
3841,255.8,0.012
3844,256,0.012
3847,256.2,0.012
3850,256.4,0.0133333
3853,256.6,0.0173333
3856,256.8,0.0186667
3859,257,0.02
3862,257.2,0.0226667
3865,257.4,0.0226667
3868,257.6,0.024
3871,257.8,0.024
3874,258,0.0253333
3877,258.2,0.0266667
3880,258.4,0.036
3883,258.6,0.0466667
3886,258.8,0.06
3889,259,0.06
3892,259.2,0.052
3895,259.4,0.0426667
3898,259.6,0.0413333
3901,259.8,0.048
3904,260,0.0546667
3907,260.2,0.0506667
3910,260.4,0.0533333
3913,260.6,0.0533333
3916,260.8,0.0613333
3919,261,0.0586667
3922,261.2,0.0466667
3925,261.4,0.032
3928,261.6,0.0226667
3931,261.8,0.0213333
3934,262,0.0226667
3937,262.2,0.024
3940,262.4,0.0253333
3943,262.6,0.0253333
3946,262.8,0.02
3949,263,0.02
3952,263.2,0.0213333
3955,263.4,0.02
3958,263.6,0.0133333
3961,263.8,0.008
3964,264,0.00933333
3967,264.2,0.0106667
3970,264.4,0.0106667
3973,264.6,0.012
3976,264.8,0.012
3979,265,0.0146667
3982,265.2,0.0133333
3985,265.4,0.0146667
3988,265.6,0.00933333
3991,265.8,0.00666667
3994,266,0.00666667
3997,266.2,0.012
4000,266.4,0.016
4003,266.6,0.0146667
4006,266.8,0.00933333
4009,267,0.004
4012,267.2,0.00266667
4015,267.4,0.004
4018,267.6,0.00533333
4021,267.8,0.00533333
4024,268,0.004
4027,268.2,0.008
4030,268.4,0.0106667
4033,268.6,0.012
4036,268.8,0.008
4039,269,0.004
4042,269.2,0.004
4045,269.4,0.004
4048,269.6,0.00533333
4051,269.8,0.00266667
4054,270,0.00133333
4057,270.2,0
4060,270.4,0
4063,270.6,0.00266667
4066,270.8,0.00266667
4069,271,0.00266667
4072,271.2,0.004
4075,271.4,0.00933333
4078,271.6,0.0146667
4081,271.8,0.016
4084,272,0.0173333
4087,272.2,0.0133333
4090,272.4,0.008
4093,272.6,0.00266667
4096,272.8,0.00133333
4099,273,0.00133333
4102,273.2,0
4105,273.4,0.00133333
4108,273.6,0.004
4111,273.8,0.00666667
4114,274,0.00533333
4117,274.2,0.00266667
4120,274.4,0
4123,274.6,0.00133333
4126,274.8,0.00133333
4129,275,0.00133333
4132,275.2,0
4135,275.4,0
4138,275.6,0
4141,275.8,0.0133333
4144,276,0.036
4147,276.2,0.052
4150,276.4,0.0533333
4153,276.6,0.0506667
4156,276.8,0.0706667
4159,277,0.0826667
4162,277.2,0.0973333
4165,277.4,0.0946667
4168,277.6,0.105333
4171,277.8,0.126667
4174,278,0.137333
4177,278.2,0.136
4180,278.4,0.128
4183,278.6,0.126667
4186,278.8,0.142667
4189,279,0.145333
4192,279.2,0.156
4195,279.4,0.158667
4198,279.6,0.168
4201,279.8,0.173333
4204,280,0.201333
4207,280.2,0.249333
4210,280.4,0.302667
4213,280.6,0.342667
4216,280.8,0.357333
4219,281,0.36
4222,281.2,0.316
4225,281.4,0.28
4228,281.6,0.262667
4231,281.8,0.270667
4234,282,0.290667
4237,282.2,0.309333
4240,282.4,0.336
4243,282.6,0.337333
4246,282.8,0.317333
4249,283,0.301333
4252,283.2,0.310667
4255,283.4,0.328
4258,283.6,0.350667
4261,283.8,0.325333
4264,284,0.308
4267,284.2,0.294667
4270,284.4,0.336
4273,284.6,0.396
4276,284.8,0.450667
4279,285,0.492
4282,285.2,0.518667
4285,285.4,0.524
4288,285.6,0.538667
4291,285.8,0.52
4294,286,0.534667
4297,286.2,0.52
4300,286.4,0.5
4303,286.6,0.482667
4306,286.8,0.450667
4309,287,0.432
4312,287.2,0.432
4315,287.4,0.469333
4318,287.6,0.521333
4321,287.8,0.498667
4324,288,0.469333
4327,288.2,0.454667
4330,288.4,0.472
4333,288.6,0.516
4336,288.8,0.546667
4339,289,0.566667
4342,289.2,0.556
4345,289.4,0.570667
4348,289.6,0.598667
4351,289.8,0.561333
4354,290,0.494667
4357,290.2,0.473333
4360,290.4,0.514667
4363,290.6,0.526667
4366,290.8,0.513333
4369,291,0.493333
4372,291.2,0.481333
4375,291.4,0.464
4378,291.6,0.446667
4381,291.8,0.474667
4384,292,0.445333
4387,292.2,0.457333
4390,292.4,0.478667
4393,292.6,0.524
4396,292.8,0.544
4399,293,0.56
4402,293.2,0.637333
4405,293.4,0.678667
4408,293.6,0.709333
4411,293.8,0.709333
4414,294,0.724
4417,294.2,0.686667
4420,294.4,0.653333
4423,294.6,0.6
4426,294.8,0.556
4429,295,0.524
4432,295.2,0.52
4435,295.4,0.550667
4438,295.6,0.572
4441,295.8,0.613333
4444,296,0.66
4447,296.2,0.633333
4450,296.4,0.649333
4453,296.6,0.624
4456,296.8,0.661333
4459,297,0.594667
4462,297.2,0.552
4465,297.4,0.521333
4468,297.6,0.497333
4471,297.8,0.473333
4474,298,0.429333
4477,298.2,0.438667
4480,298.4,0.437333
4483,298.6,0.429333
4486,298.8,0.408
4489,299,0.390667
4492,299.2,0.352
4495,299.4,0.293333
4498,299.6,0.233333
4501,299.8,0.218667
4504,300,0.238667
4507,300.2,0.268
4510,300.4,0.313333
4513,300.6,0.338667
4516,300.8,0.389333
4519,301,0.392
4522,301.2,0.416
4525,301.4,0.441333
4528,301.6,0.433333
4531,301.8,0.461333
4534,302,0.466667
4537,302.2,0.526667
4540,302.4,0.544
4543,302.6,0.550667
4546,302.8,0.537333
4549,303,0.506667
4552,303.2,0.486667
4555,303.4,0.488
4558,303.6,0.524
4561,303.8,0.569333
4564,304,0.592
4567,304.2,0.569333
4570,304.4,0.568
4573,304.6,0.564
4576,304.8,0.588
4579,305,0.558667
4582,305.2,0.541333
4585,305.4,0.484
4588,305.6,0.472
4591,305.8,0.494667
4594,306,0.521333
4597,306.2,0.504
4600,306.4,0.442667
4603,306.6,0.417333
4606,306.8,0.434667
4609,307,0.485333
4612,307.2,0.512
4615,307.4,0.506667
4618,307.6,0.512
4621,307.8,0.516
4624,308,0.525333
4627,308.2,0.512
4630,308.4,0.496
4633,308.6,0.462667
4636,308.8,0.422667
4639,309,0.386667
4642,309.2,0.352
4645,309.4,0.296
4648,309.6,0.274667
4651,309.8,0.272
4654,310,0.316
4657,310.2,0.318667
4660,310.4,0.325333
4663,310.6,0.302667
4666,310.8,0.296
4669,311,0.301333
4672,311.2,0.306667
4675,311.4,0.309333
4678,311.6,0.318667
4681,311.8,0.344
4684,312,0.358667
4687,312.2,0.332
4690,312.4,0.305333
4693,312.6,0.290667
4696,312.8,0.298667
4699,313,0.298667
4702,313.2,0.32
4705,313.4,0.361333
4708,313.6,0.393333
4711,313.8,0.413333
4714,314,0.436
4717,314.2,0.473333
4720,314.4,0.489333
4723,314.6,0.484
4726,314.8,0.48
4729,315,0.490667
4732,315.2,0.526667
4735,315.4,0.542667
4738,315.6,0.577333
4741,315.8,0.570667
4744,316,0.553333
4747,316.2,0.472
4750,316.4,0.433333
4753,316.6,0.386667
4756,316.8,0.376
4759,317,0.353333
4762,317.2,0.358667
4765,317.4,0.386667
4768,317.6,0.361333
4771,317.8,0.333333
4774,318,0.273333
4777,318.2,0.250667
4780,318.4,0.217333
4783,318.6,0.194667
4786,318.8,0.16
4789,319,0.130667
4792,319.2,0.096
4795,319.4,0.064
4798,319.6,0.044
4801,319.8,0.028
4804,320,0.0253333
4807,320.2,0.0173333
4810,320.4,0.02
4813,320.6,0.02
4816,320.8,0.0186667
4819,321,0.0213333
4822,321.2,0.016
4825,321.4,0.016
4828,321.6,0.0186667
4831,321.8,0.0266667
4834,322,0.0226667
4837,322.2,0.0306667
4840,322.4,0.0373333
4843,322.6,0.0533333
4846,322.8,0.0493333
4849,323,0.04
4852,323.2,0.0386667
4855,323.4,0.0386667
4858,323.6,0.0426667
4861,323.8,0.048
4864,324,0.0426667
4867,324.2,0.048
4870,324.4,0.0386667
4873,324.6,0.048
4876,324.8,0.04
4879,325,0.04
4882,325.2,0.0346667
4885,325.4,0.04
4888,325.6,0.0386667
4891,325.8,0.036
4894,326,0.032
4897,326.2,0.028
4900,326.4,0.024
4903,326.6,0.024
4906,326.8,0.0306667
4909,327,0.0333333
4912,327.2,0.032
4915,327.4,0.028
4918,327.6,0.0173333
4921,327.8,0.02
4924,328,0.028
4927,328.2,0.0453333
4930,328.4,0.064
4933,328.6,0.0786667
4936,328.8,0.092
4939,329,0.1
4942,329.2,0.116
4945,329.4,0.130667
4948,329.6,0.141333
4951,329.8,0.146667
4954,330,0.152
4957,330.2,0.152
4960,330.4,0.148
4963,330.6,0.134667
4966,330.8,0.110667
4969,331,0.0786667
4972,331.2,0.068
4975,331.4,0.0733333
4978,331.6,0.092
4981,331.8,0.112
4984,332,0.132
4987,332.2,0.146667
4990,332.4,0.142667
4993,332.6,0.154667
4996,332.8,0.165333
4999,333,0.184
5002,333.2,0.177333
5005,333.4,0.172
5008,333.6,0.164
5011,333.8,0.149333
5014,334,0.126667
5017,334.2,0.0973333
5020,334.4,0.076
5023,334.6,0.0626667
5026,334.8,0.0586667
5029,335,0.0626667
5032,335.2,0.0626667
5035,335.4,0.0626667
5038,335.6,0.0573333
5041,335.8,0.06
5044,336,0.0626667
5047,336.2,0.0653333
5050,336.4,0.068
5053,336.6,0.0746667
5056,336.8,0.0986667
5059,337,0.12
5062,337.2,0.14
5065,337.4,0.129333
5068,337.6,0.126667
5071,337.8,0.152
5074,338,0.173333
5077,338.2,0.172
5080,338.4,0.12
5083,338.6,0.0906667
5086,338.8,0.0693333
5089,339,0.076
5092,339.2,0.0826667
5095,339.4,0.101333
5098,339.6,0.124
5101,339.8,0.128
5104,340,0.126667
5107,340.2,0.0986667
5110,340.4,0.08
5113,340.6,0.0586667
5116,340.8,0.0533333
5119,341,0.0493333
5122,341.2,0.0413333
5125,341.4,0.0253333
5128,341.6,0.012
5131,341.8,0.004
5134,342,0.00133333
5137,342.2,0
5140,342.4,0
5143,342.6,0
5146,342.8,0
5149,343,0
5152,343.2,0
5155,343.4,0
5158,343.6,0
5161,343.8,0
5164,344,0
5167,344.2,0
5170,344.4,0
5173,344.6,0
5176,344.8,0
5179,345,0
5182,345.2,0
5185,345.4,0
5188,345.6,0
5191,345.8,0
5194,346,0
5197,346.2,0
5200,346.4,0
5203,346.6,0
5206,346.8,0
5209,347,0
5212,347.2,0
5215,347.4,0
5218,347.6,0
5221,347.8,0
5224,348,0
5227,348.2,0
5230,348.4,0
5233,348.6,0
5236,348.8,0
5239,349,0
5242,349.2,0
5245,349.4,0
5248,349.6,0
5251,349.8,0
5254,350,0
5257,350.2,0
5260,350.4,0.004
5263,350.6,0.016
5266,350.8,0.04
5269,351,0.0626667
5272,351.2,0.0813333
5275,351.4,0.096
5278,351.6,0.108
5281,351.8,0.110667
5284,352,0.108
5287,352.2,0.110667
5290,352.4,0.125333
5293,352.6,0.136
5296,352.8,0.138667
5299,353,0.130667
5302,353.2,0.12
5305,353.4,0.113333
5308,353.6,0.117333
5311,353.8,0.136
5314,354,0.142667
5317,354.2,0.148
5320,354.4,0.132
5323,354.6,0.128
5326,354.8,0.114667
5329,355,0.12
5332,355.2,0.124
5335,355.4,0.144
5338,355.6,0.148
5341,355.8,0.150667
5344,356,0.154667
5347,356.2,0.161333
5350,356.4,0.174667
5353,356.6,0.178667
5356,356.8,0.190667
5359,357,0.217333
5362,357.2,0.246667
5365,357.4,0.274667
5368,357.6,0.284
5371,357.8,0.265333
5374,358,0.245333
5377,358.2,0.217333
5380,358.4,0.214667
5383,358.6,0.2
5386,358.8,0.205333
5389,359,0.209333
5392,359.2,0.254667
5395,359.4,0.292
5398,359.6,0.34
5401,359.8,0.342667
5404,360,0.341333
5407,360.2,0.321333
5410,360.4,0.306667
5413,360.6,0.261333
5416,360.8,0.224
5419,361,0.197333
5422,361.2,0.194667
5425,361.4,0.197333
5428,361.6,0.192
5431,361.8,0.189333
5434,362,0.181333
5437,362.2,0.189333
5440,362.4,0.206667
5443,362.6,0.229333
5446,362.8,0.248
5449,363,0.249333
5452,363.2,0.257333
5455,363.4,0.250667
5458,363.6,0.277333
5461,363.8,0.270667
5464,364,0.269333
5467,364.2,0.236
5470,364.4,0.229333
5473,364.6,0.22
5476,364.8,0.225333
5479,365,0.222667
5482,365.2,0.224
5485,365.4,0.210667
5488,365.6,0.192
5491,365.8,0.166667
5494,366,0.148
5497,366.2,0.137333
5500,366.4,0.133333
5503,366.6,0.128
5506,366.8,0.105333
5509,367,0.0826667
5512,367.2,0.0626667
5515,367.4,0.0586667
5518,367.6,0.056
5521,367.8,0.0493333
5524,368,0.0453333
5527,368.2,0.0506667
5530,368.4,0.0613333
5533,368.6,0.0706667
5536,368.8,0.0773333
5539,369,0.092
5542,369.2,0.109333
5545,369.4,0.112
5548,369.6,0.105333
5551,369.8,0.0986667
5554,370,0.108
5557,370.2,0.122667
5560,370.4,0.132
5563,370.6,0.14
5566,370.8,0.148
5569,371,0.156
5572,371.2,0.164
5575,371.4,0.177333
5578,371.6,0.185333
5581,371.8,0.193333
5584,372,0.2
5587,372.2,0.208
5590,372.4,0.218667
5593,372.6,0.218667
5596,372.8,0.222667
5599,373,0.210667
5602,373.2,0.2
5605,373.4,0.184
5608,373.6,0.178667
5611,373.8,0.174667
5614,374,0.166667
5617,374.2,0.154667
5620,374.4,0.146667
5623,374.6,0.146667
5626,374.8,0.144
5629,375,0.128
5632,375.2,0.113333
5635,375.4,0.0946667
5638,375.6,0.0986667
5641,375.8,0.101333
5644,376,0.113333
5647,376.2,0.108
5650,376.4,0.109333
5653,376.6,0.101333
5656,376.8,0.0973333
5659,377,0.084
5662,377.2,0.076
5665,377.4,0.0693333
5668,377.6,0.068
5671,377.8,0.064
5674,378,0.0586667
5677,378.2,0.0493333
5680,378.4,0.0533333
5683,378.6,0.0546667
5686,378.8,0.056
5689,379,0.0533333
5692,379.2,0.0533333
5695,379.4,0.048
5698,379.6,0.036
5701,379.8,0.024
5704,380,0.0213333
5707,380.2,0.0213333
5710,380.4,0.02
5713,380.6,0.0173333
5716,380.8,0.0146667
5719,381,0.0133333
5722,381.2,0.00933333
5725,381.4,0.00533333
5728,381.6,0.004
5731,381.8,0.00666667
5734,382,0.0106667
5737,382.2,0.0106667
