frame,time,Qdensity
1,0,0.177558
2,0.067,0.178593
3,0.134,0.17929
4,0.201,0.181568
5,0.268,0.182191
6,0.335,0.183752
7,0.402,0.18905
8,0.469,0.191519
9,0.536,0.19471
10,0.603,0.199348
11,0.67,0.196593
12,0.737,0.205469
13,0.804,0.206337
14,0.871,0.194678
15,0.938,0.205616
16,1.005,0.203859
17,1.072,0.202865
18,1.139,0.198272
19,1.206,0.184824
20,1.273,0.194009
21,1.34,0.193398
22,1.407,0.194213
23,1.474,0.186605
24,1.541,0.192184
25,1.608,0.175003
26,1.675,0.197062
27,1.742,0.20163
28,1.809,0.203672
29,1.876,0.200355
30,1.943,0.207983
31,2.01,0.208489
32,2.077,0.209609
33,2.144,0.209919
34,2.211,0.199523
35,2.278,0.210481
36,2.345,0.209088
37,2.412,0.207433
38,2.479,0.207723
39,2.546,0.207796
40,2.613,0.206606
41,2.68,0.206887
42,2.747,0.206247
43,2.814,0.206137
44,2.881,0.204026
45,2.948,0.203488
46,3.015,0.202771
47,3.082,0.202241
48,3.149,0.203211
49,3.216,0.204515
50,3.283,0.205815
51,3.35,0.195566
52,3.417,0.207278
53,3.484,0.207474
54,3.551,0.208925
55,3.618,0.202987
56,3.685,0.208782
57,3.752,0.209976
58,3.819,0.19914
59,3.886,0.205404
60,3.953,0.20366
61,4.02,0.202677
62,4.087,0.201019
63,4.154,0.198064
64,4.221,0.197555
65,4.288,0.19425
66,4.355,0.193594
67,4.422,0.193435
68,4.489,0.192689
69,4.556,0.193997
70,4.623,0.194861
71,4.69,0.194792
72,4.757,0.195155
73,4.824,0.190802
74,4.891,0.198639
75,4.958,0.199955
76,5.025,0.20229
77,5.092,0.205722
78,5.159,0.209426
79,5.226,0.217654
80,5.293,0.226632
81,5.36,0.230788
82,5.427,0.237834
83,5.494,0.244787
84,5.561,0.258341
85,5.628,0.264454
86,5.695,0.268105
87,5.762,0.27249
88,5.829,0.278314
89,5.896,0.281452
90,5.963,0.266577
91,6.03,0.284757
92,6.097,0.286643
93,6.164,0.283184
94,6.231,0.281994
95,6.298,0.277808
96,6.365,0.272348
97,6.432,0.271296
98,6.499,0.264641
99,6.566,0.26154
100,6.633,0.259543
101,6.7,0.253361
102,6.767,0.251222
103,6.834,0.251857
104,6.901,0.248247
105,6.968,0.249922
106,7.035,0.254082
107,7.102,0.211386
108,7.169,0.258883
109,7.236,0.262632
110,7.303,0.265342
111,7.37,0.261878
112,7.437,0.264935
113,7.504,0.267726
114,7.571,0.26868
115,7.638,0.270933
116,7.705,0.273338
117,7.772,0.272551
118,7.839,0.265803
119,7.906,0.269902
120,7.973,0.269572
121,8.04,0.272739
122,8.107,0.272918
123,8.174,0.272572
124,8.241,0.27044
125,8.308,0.27029
126,8.375,0.268052
127,8.442,0.265542
128,8.509,0.261312
129,8.576,0.257791
130,8.643,0.257216
131,8.71,0.254743
132,8.777,0.240862
133,8.844,0.254722
134,8.911,0.252884
135,8.978,0.253381
136,9.045,0.253341
137,9.112,0.252583
138,9.179,0.252244
139,9.246,0.248145
140,9.313,0.245349
141,9.38,0.244481
142,9.447,0.242089
143,9.514,0.240051
144,9.581,0.228315
145,9.648,0.20176
146,9.715,0.23545
147,9.782,0.234904
148,9.849,0.234065
149,9.916,0.234415
150,9.983,0.224174
151,10.05,0.232194
152,10.117,0.232333
153,10.184,0.231982
154,10.251,0.232113
155,10.318,0.232072
156,10.385,0.232129
157,10.452,0.23327
158,10.519,0.233584
159,10.586,0.233947
160,10.653,0.234648
161,10.72,0.2353
162,10.787,0.217255
163,10.854,0.23563
164,10.921,0.234415
165,10.988,0.233449
166,11.055,0.233547
167,11.122,0.219614
168,11.189,0.233527
169,11.256,0.233568
170,11.323,0.234118
171,11.39,0.233947
172,11.457,0.228653
173,11.524,0.234582
174,11.591,0.235096
175,11.658,0.235308
176,11.725,0.235903
177,11.792,0.236094
178,11.859,0.235797
179,11.926,0.235785
180,11.993,0.234309
181,12.06,0.234566
182,12.127,0.234941
183,12.194,0.234953
184,12.261,0.235226
185,12.328,0.235039
186,12.395,0.234794
187,12.462,0.234831
188,12.529,0.234876
189,12.596,0.234786
190,12.663,0.234542
191,12.73,0.234485
192,12.797,0.234676
193,12.864,0.234342
194,12.931,0.234167
195,12.998,0.234212
196,13.065,0.234399
197,13.132,0.227659
198,13.199,0.233584
199,13.266,0.233392
200,13.333,0.233274
201,13.4,0.233221
202,13.467,0.233246
203,13.534,0.23411
204,13.601,0.23411
205,13.668,0.234085
206,13.735,0.233674
207,13.802,0.233417
208,13.869,0.233421
209,13.936,0.233572
210,14.003,0.233515
211,14.07,0.233364
212,14.137,0.23307
213,14.204,0.233001
214,14.271,0.215449
215,14.338,0.233409
216,14.405,0.2232
217,14.472,0.227341
218,14.539,0.232797
219,14.606,0.231518
220,14.673,0.217385
221,14.74,0.231485
222,14.807,0.230727
223,14.874,0.228755
224,14.941,0.228429
225,15.008,0.228449
226,15.075,0.222332
227,15.142,0.229562
228,15.209,0.229782
229,15.276,0.224154
230,15.343,0.231265
231,15.41,0.231587
232,15.477,0.231408
233,15.544,0.230654
234,15.611,0.230744
235,15.678,0.230621
236,15.745,0.231135
237,15.812,0.230739
238,15.879,0.230939
239,15.946,0.231379
240,16.013,0.231118
241,16.08,0.231534
242,16.147,0.22038
243,16.214,0.231424
244,16.281,0.230992
245,16.348,0.230862
246,16.415,0.231049
247,16.482,0.231
248,16.549,0.230976
249,16.616,0.223575
250,16.683,0.228934
251,16.75,0.22884
252,16.817,0.229007
253,16.884,0.228457
254,16.951,0.228351
255,17.018,0.232333
256,17.085,0.235393
257,17.152,0.236661
258,17.219,0.238918
259,17.286,0.241902
260,17.353,0.242896
261,17.42,0.245268
262,17.487,0.248214
263,17.554,0.248658
264,17.621,0.250675
265,17.688,0.251829
266,17.755,0.250427
267,17.822,0.249722
268,17.889,0.249282
269,17.956,0.248626
270,18.023,0.247566
271,18.09,0.247032
272,18.157,0.231795
273,18.224,0.245219
274,18.291,0.24367
275,18.358,0.242419
276,18.425,0.241266
277,18.492,0.239228
278,18.559,0.238242
279,18.626,0.237561
280,18.693,0.237985
281,18.76,0.238197
282,18.827,0.237871
283,18.894,0.238405
284,18.961,0.239212
285,19.028,0.239273
286,19.095,0.239628
287,19.162,0.239086
288,19.229,0.237806
289,19.296,0.237036
290,19.363,0.236445
291,19.43,0.235886
292,19.497,0.234839
293,19.564,0.23426
294,19.631,0.233009
295,19.698,0.226954
296,19.765,0.232753
297,19.832,0.231502
298,19.899,0.231616
299,19.966,0.231457
300,20.033,0.231237
301,20.1,0.220767
302,20.167,0.231591
303,20.234,0.231591
304,20.301,0.231461
305,20.368,0.231571
306,20.435,0.231167
307,20.502,0.231094
308,20.569,0.231196
309,20.636,0.225617
310,20.703,0.231404
311,20.77,0.231506
312,20.837,0.231612
313,20.904,0.232137
314,20.971,0.233939
315,21.038,0.235234
316,21.105,0.221925
317,21.172,0.234721
318,21.239,0.240145
319,21.306,0.242973
320,21.373,0.245744
321,21.44,0.230039
322,21.507,0.247994
323,21.574,0.248793
324,21.641,0.248817
325,21.708,0.248597
326,21.775,0.248385
327,21.842,0.248153
328,21.909,0.233001
329,21.976,0.248267
330,22.043,0.247843
331,22.11,0.247195
332,22.177,0.247191
333,22.244,0.246401
334,22.311,0.245064
335,22.378,0.244041
336,22.445,0.243654
337,22.512,0.24288
338,22.579,0.242492
339,22.646,0.241926
340,22.713,0.241804
341,22.78,0.239844
342,22.847,0.239831
343,22.914,0.240096
344,22.981,0.239619
345,23.048,0.239338
346,23.115,0.239354
347,23.182,0.239766
348,23.249,0.239762
349,23.316,0.239587
350,23.383,0.239909
351,23.45,0.240019
352,23.517,0.240712
353,23.584,0.2414
354,23.651,0.242089
355,23.718,0.243523
356,23.785,0.245463
357,23.852,0.248768
358,23.919,0.250757
359,23.986,0.225694
360,24.053,0.231314
361,24.12,0.219818
362,24.187,0.25665
363,24.254,0.257322
364,24.321,0.255896
365,24.388,0.256943
366,24.455,0.256238
367,24.522,0.256715
368,24.589,0.256487
369,24.656,0.256662
370,24.723,0.256902
371,24.79,0.257546
372,24.857,0.259482
373,24.924,0.260778
374,24.991,0.264014
375,25.058,0.268615
376,25.125,0.270758
377,25.192,0.275241
378,25.259,0.280241
379,25.326,0.282992
380,25.393,0.28798
381,25.46,0.293669
382,25.527,0.301049
383,25.594,0.305614
384,25.661,0.307509
385,25.728,0.31235
386,25.795,0.316996
387,25.862,0.318377
388,25.929,0.322542
389,25.996,0.327322
390,26.063,0.32936
391,26.13,0.336088
392,26.197,0.321026
393,26.264,0.351554
394,26.331,0.358168
395,26.398,0.360128
396,26.465,0.365059
397,26.532,0.369163
398,26.599,0.37131
399,26.666,0.350376
400,26.733,0.381083
401,26.8,0.385757
402,26.867,0.388039
403,26.934,0.388862
404,27.001,0.391711
405,27.068,0.394299
406,27.135,0.395762
407,27.202,0.398427
408,27.269,0.399886
409,27.336,0.401108
410,27.403,0.404947
411,27.47,0.406749
412,27.537,0.411688
413,27.604,0.388736
414,27.671,0.415351
415,27.738,0.418334
416,27.805,0.421334
417,27.872,0.422544
418,27.939,0.392591
419,28.006,0.427919
420,28.073,0.428877
421,28.14,0.43023
422,28.207,0.432427
423,28.274,0.432981
424,28.341,0.434464
425,28.408,0.393944
426,28.475,0.439709
427,28.542,0.441376
428,28.609,0.442166
429,28.676,0.443878
430,28.743,0.444106
431,28.81,0.444632
432,28.877,0.445663
433,28.944,0.449168
434,29.011,0.449404
435,29.078,0.449322
436,29.145,0.449392
437,29.212,0.449685
438,29.279,0.449204
439,29.346,0.448882
440,29.413,0.449718
441,29.48,0.449249
442,29.547,0.4492
443,29.614,0.448821
444,29.681,0.44865
445,29.748,0.448067
446,29.815,0.448031
447,29.882,0.447542
448,29.949,0.447778
449,30.016,0.447167
450,30.083,0.447248
451,30.15,0.446886
452,30.217,0.447065
453,30.284,0.374363
454,30.351,0.447538
455,30.418,0.447342
456,30.485,0.445243
457,30.552,0.444901
458,30.619,0.445728
459,30.686,0.444485
460,30.753,0.445565
461,30.82,0.446091
462,30.887,0.447444
463,30.954,0.448149
464,31.021,0.448544
465,31.088,0.44865
466,31.155,0.448206
467,31.222,0.44834
468,31.289,0.448768
469,31.356,0.449168
470,31.423,0.44995
471,31.49,0.450215
472,31.557,0.450166
473,31.624,0.451438
474,31.691,0.453724
475,31.758,0.377745
476,31.825,0.460415
477,31.892,0.469014
478,31.959,0.472698
479,32.026,0.411667
480,32.093,0.497492
481,32.16,0.458255
482,32.227,0.511136
483,32.294,0.513866
484,32.361,0.51572
485,32.428,0.516617
486,32.495,0.518259
487,32.562,0.519037
488,32.629,0.519832
489,32.696,0.521063
490,32.763,0.52123
491,32.83,0.519636
492,32.897,0.519999
493,32.964,0.520981
494,33.031,0.520639
495,33.098,0.520916
496,33.165,0.520562
497,33.232,0.520643
498,33.299,0.520386
499,33.366,0.52211
500,33.433,0.522216
501,33.5,0.52251
502,33.567,0.52923
503,33.634,0.52934
504,33.701,0.528981
505,33.768,0.48915
506,33.835,0.527824
507,33.902,0.526414
508,33.969,0.526499
509,34.036,0.525338
510,34.103,0.524445
511,34.17,0.524641
512,34.237,0.489781
513,34.304,0.523679
514,34.371,0.523647
515,34.438,0.524111
516,34.505,0.524282
517,34.572,0.524665
518,34.639,0.525268
519,34.706,0.5244
520,34.773,0.524841
521,34.84,0.523891
522,34.907,0.523826
523,34.974,0.504379
524,35.041,0.521544
525,35.108,0.518186
526,35.175,0.518418
527,35.242,0.519229
528,35.309,0.51927
529,35.376,0.519579
530,35.443,0.44118
531,35.51,0.519302
532,35.577,0.519482
533,35.644,0.519967
534,35.711,0.520586
535,35.778,0.52059
536,35.845,0.521328
537,35.912,0.521568
538,35.979,0.521849
539,36.046,0.522664
540,36.113,0.522958
541,36.18,0.523883
542,36.247,0.526316
543,36.314,0.527799
544,36.381,0.528671
545,36.448,0.500626
546,36.515,0.533643
547,36.582,0.535041
548,36.649,0.54659
549,36.716,0.551268
550,36.783,0.554614
551,36.85,0.560707
552,36.917,0.562414
553,36.984,0.566746
554,37.051,0.568849
555,37.118,0.52436
556,37.185,0.571999
557,37.252,0.573466
558,37.319,0.574151
559,37.386,0.577786
560,37.453,0.585513
561,37.52,0.587318
562,37.587,0.590166
563,37.654,0.591943
564,37.721,0.593745
565,37.788,0.594657
566,37.855,0.594466
567,37.922,0.594857
568,37.989,0.595444
569,38.056,0.595554
570,38.123,0.555714
571,38.19,0.562524
572,38.257,0.60306
573,38.324,0.602482
574,38.391,0.602082
575,38.458,0.601573
576,38.525,0.577969
577,38.592,0.601357
578,38.659,0.601271
579,38.726,0.601386
580,38.793,0.601675
581,38.86,0.603044
582,38.927,0.60337
583,38.994,0.566518
584,39.061,0.606133
585,39.128,0.606304
586,39.195,0.607392
587,39.262,0.607914
588,39.329,0.543407
589,39.396,0.612132
590,39.463,0.612588
591,39.53,0.613102
592,39.597,0.611989
593,39.664,0.612739
594,39.731,0.621929
595,39.798,0.622459
596,39.865,0.621762
597,39.932,0.577362
598,39.999,0.622149
599,40.066,0.621741
600,40.133,0.621053
601,40.2,0.620311
602,40.267,0.620816
603,40.334,0.625006
604,40.401,0.625649
605,40.468,0.625234
606,40.535,0.625283
607,40.602,0.624953
608,40.669,0.624627
609,40.736,0.623938
610,40.803,0.622618
611,40.87,0.621309
612,40.937,0.619182
613,41.004,0.61919
614,41.071,0.618844
615,41.138,0.618493
616,41.205,0.617988
617,41.272,0.613513
618,41.339,0.612572
619,41.406,0.613
620,41.473,0.612197
621,41.54,0.611781
622,41.607,0.611354
623,41.674,0.610865
624,41.741,0.611688
625,41.808,0.61377
626,41.875,0.614602
627,41.942,0.614899
628,42.009,0.614255
629,42.076,0.614084
630,42.143,0.613359
631,42.21,0.613004
632,42.277,0.610873
633,42.344,0.563156
634,42.411,0.609601
635,42.478,0.608921
636,42.545,0.607136
637,42.612,0.606736
638,42.679,0.606924
639,42.746,0.606692
640,42.813,0.609952
641,42.88,0.609344
642,42.947,0.609577
643,43.014,0.608004
644,43.081,0.607462
645,43.148,0.608142
646,43.215,0.609581
647,43.282,0.609071
648,43.349,0.610689
649,43.416,0.610836
650,43.483,0.612674
651,43.55,0.614231
652,43.617,0.614337
653,43.684,0.615009
654,43.751,0.621138
655,43.818,0.626888
656,43.885,0.585676
657,43.952,0.630295
658,44.019,0.631212
659,44.086,0.635569
660,44.153,0.636596
661,44.22,0.588267
662,44.287,0.639721
663,44.354,0.659934
664,44.421,0.659551
665,44.488,0.659747
666,44.555,0.659568
667,44.622,0.659918
668,44.689,0.66119
669,44.756,0.661022
670,44.823,0.660908
671,44.89,0.660533
672,44.957,0.660941
673,45.024,0.611798
674,45.091,0.661581
675,45.158,0.617605
676,45.225,0.665326
677,45.292,0.666239
678,45.359,0.667796
679,45.426,0.668712
680,45.493,0.670257
681,45.56,0.673199
682,45.627,0.674075
683,45.694,0.674732
684,45.761,0.676284
685,45.828,0.629321
686,45.895,0.636791
687,45.962,0.688864
688,46.029,0.691037
689,46.096,0.692956
690,46.163,0.694195
691,46.23,0.696383
692,46.297,0.653145
693,46.364,0.697488
694,46.431,0.697956
695,46.498,0.698527
696,46.565,0.698437
697,46.632,0.699004
698,46.699,0.69948
699,46.766,0.699387
700,46.833,0.699599
701,46.9,0.700039
702,46.967,0.700899
703,47.034,0.701396
704,47.101,0.70107
705,47.168,0.701062
706,47.235,0.701269
707,47.302,0.701624
708,47.369,0.701824
709,47.436,0.709159
710,47.503,0.709587
711,47.57,0.710174
712,47.637,0.710052
713,47.704,0.709807
714,47.771,0.709481
715,47.838,0.709457
716,47.905,0.709363
717,47.972,0.709766
718,48.039,0.709432
719,48.106,0.709073
720,48.173,0.708161
721,48.24,0.708531
722,48.307,0.710793
723,48.374,0.709673
724,48.441,0.708927
725,48.508,0.707957
726,48.575,0.707419
727,48.642,0.707329
728,48.709,0.708047
729,48.776,0.707199
730,48.843,0.706926
731,48.91,0.706412
732,48.977,0.655851
733,49.044,0.702924
734,49.111,0.704159
735,49.178,0.703287
736,49.245,0.702904
737,49.312,0.700907
738,49.379,0.699199
739,49.446,0.697537
740,49.513,0.695238
741,49.58,0.69503
742,49.647,0.695589
743,49.714,0.647684
744,49.781,0.695311
745,49.848,0.693628
746,49.915,0.645903
747,49.982,0.6962
748,50.049,0.699607
749,50.116,0.705243
750,50.183,0.707236
751,50.25,0.707476
752,50.317,0.708295
753,50.384,0.70801
754,50.451,0.708214
755,50.518,0.7172
756,50.585,0.716674
757,50.652,0.717012
758,50.719,0.719694
759,50.786,0.720097
760,50.853,0.721075
761,50.92,0.722485
762,50.987,0.723023
763,51.054,0.72319
764,51.121,0.72372
765,51.188,0.724164
766,51.255,0.724144
767,51.322,0.724771
768,51.389,0.72544
769,51.456,0.725472
770,51.523,0.725656
771,51.59,0.696542
772,51.657,0.662563
773,51.724,0.725195
774,51.791,0.724963
775,51.858,0.725073
776,51.925,0.725004
777,51.992,0.724918
778,52.059,0.72515
779,52.126,0.725016
780,52.193,0.725309
781,52.26,0.725521
782,52.327,0.72513
783,52.394,0.72535
784,52.461,0.725179
785,52.528,0.681704
786,52.595,0.724926
787,52.662,0.69937
788,52.729,0.724824
789,52.796,0.724755
790,52.863,0.724812
791,52.93,0.724637
792,52.997,0.724572
793,53.064,0.724274
794,53.131,0.724013
795,53.198,0.723883
796,53.265,0.723378
797,53.332,0.723337
798,53.399,0.66145
799,53.466,0.723121
800,53.533,0.723035
801,53.6,0.660709
802,53.667,0.722868
803,53.734,0.722999
804,53.801,0.722889
805,53.868,0.722823
806,53.935,0.722738
807,54.002,0.722424
808,54.069,0.722359
809,54.136,0.722322
810,54.203,0.722322
811,54.27,0.7222
812,54.337,0.722326
813,54.404,0.722302
814,54.471,0.722318
815,54.538,0.722318
816,54.605,0.722338
817,54.672,0.722334
818,54.739,0.722334
819,54.806,0.722334
820,54.873,0.722334
821,54.94,0.722334
822,55.007,0.723223
823,55.074,0.723308
824,55.141,0.725546
825,55.208,0.72566
826,55.275,0.725835
827,55.342,0.726075
828,55.409,0.72656
829,55.476,0.726573
830,55.543,0.672881
831,55.61,0.72696
832,55.677,0.727053
833,55.744,0.727273
834,55.811,0.727591
835,55.878,0.72762
836,55.945,0.72764
837,56.012,0.727538
838,56.079,0.727416
839,56.146,0.727335
840,56.213,0.727298
841,56.28,0.727176
842,56.347,0.727053
843,56.414,0.673362
844,56.481,0.727249
845,56.548,0.72685
846,56.615,0.726096
847,56.682,0.725179
848,56.749,0.725069
849,56.816,0.725134
850,56.883,0.663427
851,56.95,0.724991
852,57.017,0.725057
853,57.084,0.695805
854,57.151,0.725138
855,57.218,0.725085
856,57.285,0.724889
857,57.352,0.694716
858,57.419,0.724254
859,57.486,0.72469
860,57.553,0.724678
861,57.62,0.671382
862,57.687,0.724563
863,57.754,0.695144
864,57.821,0.724568
865,57.888,0.724368
866,57.955,0.723968
867,58.022,0.724148
868,58.089,0.723867
869,58.156,0.723598
870,58.223,0.723418
871,58.29,0.723263
872,58.357,0.723011
873,58.424,0.722925
874,58.491,0.722799
875,58.558,0.722611
876,58.625,0.722721
877,58.692,0.722721
878,58.759,0.722831
879,58.826,0.722811
880,58.893,0.723369
881,58.96,0.723426
882,59.027,0.723671
883,59.094,0.723386
884,59.161,0.679565
885,59.228,0.673884
886,59.295,0.722298
887,59.362,0.722131
888,59.429,0.722041
889,59.496,0.722151
890,59.563,0.722061
891,59.63,0.678407
892,59.697,0.721747
893,59.764,0.721589
894,59.831,0.721621
895,59.898,0.721136
896,59.965,0.721177
897,60.032,0.720358
898,60.099,0.720505
899,60.166,0.72079
900,60.233,0.720191
901,60.3,0.719857
902,60.367,0.719689
903,60.434,0.717485
904,60.501,0.717505
905,60.568,0.718365
906,60.635,0.719037
907,60.702,0.719384
908,60.769,0.720093
909,60.836,0.720321
910,60.903,0.720496
911,60.97,0.72024
912,61.037,0.720178
913,61.104,0.667767
914,61.171,0.719771
915,61.238,0.719787
916,61.305,0.720003
917,61.372,0.643128
918,61.439,0.719808
919,61.506,0.719531
920,61.573,0.719714
921,61.64,0.720333
922,61.707,0.720867
923,61.774,0.72092
924,61.841,0.720912
925,61.908,0.720977
926,61.975,0.719653
927,62.042,0.658598
928,62.109,0.719828
929,62.176,0.719983
930,62.243,0.720007
931,62.31,0.718915
932,62.377,0.718341
933,62.444,0.718557
934,62.511,0.718442
935,62.578,0.718031
936,62.645,0.71775
937,62.712,0.717782
938,62.779,0.717578
939,62.846,0.717957
940,62.913,0.717554
941,62.98,0.717929
942,63.047,0.717334
943,63.114,0.669002
944,63.181,0.717293
945,63.248,0.717281
946,63.315,0.717766
947,63.382,0.60941
948,63.449,0.717473
949,63.516,0.717314
950,63.583,0.717248
951,63.65,0.655423
952,63.717,0.717077
953,63.784,0.65513
954,63.851,0.717986
955,63.918,0.718068
956,63.985,0.718137
957,64.052,0.718251
958,64.119,0.718345
959,64.186,0.718149
960,64.253,0.718345
961,64.32,0.718406
962,64.387,0.718585
963,64.454,0.718687
964,64.521,0.718618
965,64.588,0.670444
966,64.655,0.719021
967,64.722,0.719363
968,64.789,0.719445
969,64.856,0.71949
970,64.923,0.671158
971,64.99,0.719677
972,65.057,0.719889
973,65.124,0.719795
974,65.191,0.720036
975,65.258,0.668419
976,65.325,0.720456
977,65.392,0.719787
978,65.459,0.719641
979,65.526,0.719657
980,65.593,0.719596
981,65.66,0.719498
982,65.727,0.719323
983,65.794,0.719498
984,65.861,0.719253
985,65.928,0.719188
986,65.995,0.719082
987,66.062,0.71916
988,66.129,0.719184
989,66.196,0.719245
990,66.263,0.719164
991,66.33,0.719335
992,66.397,0.719343
993,66.464,0.719494
994,66.531,0.719372
995,66.598,0.719111
996,66.665,0.67606
997,66.732,0.719795
998,66.799,0.719804
999,66.866,0.719844
1000,66.933,0.717587
1001,67,0.716735
1002,67.067,0.604821
1003,67.134,0.716527
1004,67.201,0.7166
1005,67.268,0.716947
1006,67.335,0.716857
1007,67.402,0.717069
1008,67.469,0.717032
1009,67.536,0.690984
1010,67.603,0.717395
1011,67.67,0.717652
1012,67.737,0.718063
1013,67.804,0.667233
1014,67.871,0.717905
1015,67.938,0.717786
1016,68.005,0.717562
1017,68.072,0.717648
1018,68.139,0.717615
1019,68.206,0.717578
1020,68.273,0.717216
1021,68.34,0.717187
1022,68.407,0.717269
1023,68.474,0.718927
1024,68.541,0.71863
1025,68.608,0.718858
1026,68.675,0.719457
1027,68.742,0.719747
1028,68.809,0.718658
1029,68.876,0.718573
1030,68.943,0.718577
1031,69.01,0.718972
1032,69.077,0.719086
1033,69.144,0.719013
1034,69.211,0.719115
1035,69.278,0.719152
1036,69.345,0.718296
1037,69.412,0.717815
1038,69.479,0.665562
1039,69.546,0.716405
1040,69.613,0.715712
1041,69.68,0.71548
1042,69.747,0.715003
1043,69.814,0.666695
1044,69.881,0.714416
1045,69.948,0.714518
1046,70.015,0.713829
1047,70.082,0.713626
1048,70.149,0.713173
1049,70.216,0.712513
1050,70.283,0.712493
1051,70.35,0.712277
1052,70.417,0.713149
1053,70.484,0.711938
1054,70.551,0.711523
1055,70.618,0.711771
1056,70.685,0.665827
1057,70.752,0.7116
1058,70.819,0.712244
1059,70.886,0.712692
1060,70.953,0.713096
1061,71.02,0.713634
1062,71.087,0.714367
1063,71.154,0.714559
1064,71.221,0.671716
1065,71.288,0.714233
1066,71.355,0.714432
1067,71.422,0.711649
1068,71.489,0.70999
1069,71.556,0.700373
1070,71.623,0.70107
1071,71.69,0.700332
1072,71.757,0.700524
1073,71.824,0.704367
1074,71.891,0.657237
1075,71.958,0.646959
1076,72.025,0.706954
1077,72.092,0.708303
1078,72.159,0.71019
1079,72.226,0.634163
1080,72.293,0.711918
1081,72.36,0.713128
1082,72.427,0.714045
1083,72.494,0.71411
1084,72.561,0.688979
1085,72.628,0.714384
1086,72.695,0.714983
1087,72.762,0.624557
1088,72.829,0.671761
1089,72.896,0.71526
1090,72.963,0.715084
1091,73.03,0.715496
1092,73.097,0.655688
1093,73.164,0.717713
1094,73.231,0.66987
1095,73.298,0.717962
1096,73.365,0.71808
1097,73.432,0.718068
1098,73.499,0.67018
1099,73.566,0.718312
1100,73.633,0.719107
1101,73.7,0.718907
1102,73.767,0.719172
1103,73.834,0.676154
1104,73.901,0.719751
1105,73.968,0.66579
1106,74.035,0.7196
1107,74.102,0.720036
1108,74.169,0.720423
1109,74.236,0.720496
1110,74.303,0.676582
1111,74.37,0.719738
1112,74.437,0.71931
1113,74.504,0.7196
1114,74.571,0.719465
1115,74.638,0.720525
1116,74.705,0.720627
1117,74.772,0.719958
1118,74.839,0.719526
1119,74.906,0.718915
1120,74.973,0.664576
1121,75.04,0.718186
1122,75.107,0.71775
1123,75.174,0.717758
1124,75.241,0.717481
1125,75.308,0.71742
1126,75.375,0.717583
1127,75.442,0.688481
1128,75.509,0.716971
1129,75.576,0.716637
1130,75.643,0.716592
1131,75.71,0.716238
1132,75.777,0.668847
1133,75.844,0.715851
1134,75.911,0.715545
1135,75.978,0.654286
1136,76.045,0.715027
1137,76.112,0.715056
1138,76.179,0.713699
1139,76.246,0.713581
1140,76.313,0.713939
1141,76.38,0.714143
1142,76.447,0.714041
1143,76.514,0.713715
1144,76.581,0.71352
1145,76.648,0.713666
1146,76.715,0.714384
1147,76.782,0.715158
1148,76.849,0.715569
1149,76.916,0.716136
1150,76.983,0.716816
1151,77.05,0.717159
1152,77.117,0.716898
1153,77.184,0.716657
1154,77.251,0.717293
1155,77.318,0.717986
1156,77.385,0.657933
1157,77.452,0.716706
1158,77.519,0.716971
1159,77.586,0.689007
1160,77.653,0.716539
1161,77.72,0.71616
1162,77.787,0.715928
1163,77.854,0.663545
1164,77.921,0.716922
1165,77.988,0.716743
1166,78.055,0.717395
1167,78.122,0.716918
1168,78.189,0.716405
1169,78.256,0.669503
1170,78.323,0.716499
1171,78.39,0.656605
1172,78.457,0.65601
1173,78.524,0.716409
1174,78.591,0.666593
1175,78.658,0.71515
1176,78.725,0.714742
1177,78.792,0.71442
1178,78.859,0.714583
1179,78.926,0.714632
1180,78.993,0.714481
1181,79.06,0.715247
1182,79.127,0.71517
1183,79.194,0.671679
1184,79.261,0.712888
1185,79.328,0.713177
1186,79.395,0.712835
1187,79.462,0.712423
1188,79.529,0.712228
1189,79.596,0.686639
1190,79.663,0.711751
1191,79.73,0.71235
1192,79.797,0.712542
1193,79.864,0.711792
1194,79.931,0.711502
1195,79.998,0.711343
1196,80.065,0.711278
1197,80.132,0.710443
1198,80.199,0.710997
1199,80.266,0.710781
1200,80.333,0.710679
1201,80.4,0.711013
1202,80.467,0.660688
1203,80.534,0.711168
1204,80.601,0.710911
1205,80.668,0.710952
1206,80.735,0.710361
1207,80.802,0.709648
1208,80.869,0.709579
1209,80.936,0.709473
1210,81.003,0.709913
1211,81.07,0.709836
1212,81.137,0.709754
1213,81.204,0.65004
1214,81.271,0.659303
1215,81.338,0.710316
1216,81.405,0.710589
1217,81.472,0.710895
1218,81.539,0.711551
1219,81.606,0.712073
1220,81.673,0.711592
1221,81.74,0.711323
1222,81.807,0.710956
1223,81.874,0.710272
1224,81.941,0.710219
1225,82.008,0.709921
1226,82.075,0.709889
1227,82.142,0.710402
1228,82.209,0.710337
1229,82.276,0.710626
1230,82.343,0.708324
1231,82.41,0.709049
1232,82.477,0.708845
1233,82.544,0.666764
1234,82.611,0.710003
1235,82.678,0.710553
1236,82.745,0.710704
1237,82.812,0.710537
1238,82.879,0.710903
1239,82.946,0.638046
1240,83.013,0.711629
1241,83.08,0.711148
1242,83.147,0.710977
1243,83.214,0.710736
1244,83.281,0.710027
1245,83.348,0.710015
1246,83.415,0.662869
1247,83.482,0.709942
1248,83.549,0.709966
1249,83.616,0.710402
1250,83.683,0.710239
1251,83.75,0.709978
1252,83.817,0.710251
1253,83.884,0.710537
1254,83.951,0.710708
1255,84.018,0.710871
1256,84.085,0.711315
1257,84.152,0.711286
1258,84.219,0.711123
1259,84.286,0.710846
1260,84.353,0.710137
1261,84.42,0.70997
1262,84.487,0.70984
1263,84.554,0.710064
1264,84.621,0.71017
1265,84.688,0.70933
1266,84.755,0.708996
1267,84.822,0.70898
1268,84.889,0.707725
1269,84.956,0.707558
1270,85.023,0.707831
1271,85.09,0.709677
1272,85.157,0.709347
1273,85.224,0.709567
1274,85.291,0.709175
1275,85.358,0.708963
1276,85.425,0.707513
1277,85.492,0.660476
1278,85.559,0.70746
1279,85.626,0.70671
1280,85.693,0.706881
1281,85.76,0.659645
1282,85.827,0.706596
1283,85.894,0.706963
1284,85.961,0.707505
1285,86.028,0.708527
1286,86.095,0.70825
1287,86.162,0.708393
1288,86.229,0.708756
1289,86.296,0.70891
1290,86.363,0.655468
1291,86.43,0.709057
1292,86.497,0.709131
1293,86.564,0.709994
1294,86.631,0.659425
1295,86.698,0.606035
1296,86.765,0.711042
1297,86.832,0.71105
1298,86.899,0.711413
1299,86.966,0.669833
1300,87.033,0.712868
1301,87.1,0.66141
1302,87.167,0.713336
1303,87.234,0.713776
1304,87.301,0.714481
1305,87.368,0.662824
1306,87.435,0.652477
1307,87.502,0.71528
1308,87.569,0.668509
1309,87.636,0.716197
1310,87.703,0.653773
1311,87.77,0.717073
1312,87.837,0.717978
1313,87.904,0.718345
1314,87.971,0.718389
1315,88.038,0.718601
1316,88.105,0.718377
1317,88.172,0.718394
1318,88.239,0.718361
1319,88.306,0.718141
1320,88.373,0.717709
1321,88.44,0.717073
1322,88.507,0.673713
1323,88.574,0.717134
1324,88.641,0.716115
1325,88.708,0.71497
1326,88.775,0.713727
1327,88.842,0.714
1328,88.909,0.713899
1329,88.976,0.714538
1330,89.043,0.714396
1331,89.11,0.715541
1332,89.177,0.717823
1333,89.244,0.718548
1334,89.311,0.719681
1335,89.378,0.720178
1336,89.445,0.719787
1337,89.512,0.720358
1338,89.579,0.696004
1339,89.646,0.659902
1340,89.713,0.723508
1341,89.78,0.722673
1342,89.847,0.722171
1343,89.914,0.720924
1344,89.981,0.721063
1345,90.048,0.72057
1346,90.115,0.720117
1347,90.182,0.673847
1348,90.249,0.720839
1349,90.316,0.721267
1350,90.383,0.720562
1351,90.45,0.71982
1352,90.517,0.719661
1353,90.584,0.719539
1354,90.651,0.720289
1355,90.718,0.720879
1356,90.785,0.721776
1357,90.852,0.723744
1358,90.919,0.724991
1359,90.986,0.727428
1360,91.053,0.666406
1361,91.12,0.729417
1362,91.187,0.732094
1363,91.254,0.731907
1364,91.321,0.734527
1365,91.388,0.734417
1366,91.455,0.73639
1367,91.522,0.73586
1368,91.589,0.73912
1369,91.656,0.737641
1370,91.723,0.736194
1371,91.79,0.735713
1372,91.857,0.736508
1373,91.924,0.738248
1374,91.991,0.738509
1375,92.058,0.740836
1376,92.125,0.744862
1377,92.192,0.744931
1378,92.259,0.747152
1379,92.326,0.749166
1380,92.393,0.751362
1381,92.46,0.754199
1382,92.527,0.752234
1383,92.594,0.751272
1384,92.661,0.748094
1385,92.728,0.747364
1386,92.795,0.745938
1387,92.862,0.742784
1388,92.929,0.742951
1389,92.996,0.743839
1390,93.063,0.681024
1391,93.13,0.745376
1392,93.197,0.746223
1393,93.264,0.74791
1394,93.331,0.747764
1395,93.398,0.746716
1396,93.465,0.745734
1397,93.532,0.745469
1398,93.599,0.749532
1399,93.666,0.748607
1400,93.733,0.751244
1401,93.8,0.751497
1402,93.867,0.751488
1403,93.934,0.695063
1404,94.001,0.75016
1405,94.068,0.751435
1406,94.135,0.751224
1407,94.202,0.687169
1408,94.269,0.752014
1409,94.336,0.756831
1410,94.403,0.755951
1411,94.47,0.754761
1412,94.537,0.754798
1413,94.604,0.756974
1414,94.671,0.757984
1415,94.738,0.758971
1416,94.805,0.759097
1417,94.872,0.76424
1418,94.939,0.767855
1419,95.006,0.768462
1420,95.073,0.770927
1421,95.14,0.772121
1422,95.207,0.774293
1423,95.274,0.776303
1424,95.341,0.774909
1425,95.408,0.734161
1426,95.475,0.776148
1427,95.542,0.774053
1428,95.609,0.772949
1429,95.676,0.773955
1430,95.743,0.77356
1431,95.81,0.772594
1432,95.877,0.773861
1433,95.944,0.775243
1434,96.011,0.777798
1435,96.078,0.717521
1436,96.145,0.778593
1437,96.212,0.775243
1438,96.279,0.775846
1439,96.346,0.776205
1440,96.413,0.7742
1441,96.48,0.773295
1442,96.547,0.770964
1443,96.614,0.768592
1444,96.681,0.76946
1445,96.748,0.708768
1446,96.815,0.76763
1447,96.882,0.770088
1448,96.949,0.773287
1449,97.016,0.776005
1450,97.083,0.777252
1451,97.15,0.77669
1452,97.217,0.777823
1453,97.284,0.782142
1454,97.351,0.781299
1455,97.418,0.778646
1456,97.485,0.778153
1457,97.552,0.779608
1458,97.619,0.78398
1459,97.686,0.787314
1460,97.753,0.793577
1461,97.82,0.799409
1462,97.887,0.79947
1463,97.954,0.750531
1464,98.021,0.798333
1465,98.088,0.801777
1466,98.155,0.746293
1467,98.222,0.738847
1468,98.289,0.797714
1469,98.356,0.794698
1470,98.423,0.735921
1471,98.49,0.787905
1472,98.557,0.783634
1473,98.624,0.774497
1474,98.691,0.771954
1475,98.758,0.765275
1476,98.825,0.758767
1477,98.892,0.650733
1478,98.959,0.750311
1479,99.026,0.75104
1480,99.093,0.752234
1481,99.16,0.752899
1482,99.227,0.75159
1483,99.294,0.702492
1484,99.361,0.756375
1485,99.428,0.755706
1486,99.495,0.754231
1487,99.562,0.748884
1488,99.629,0.700304
1489,99.696,0.694822
1490,99.763,0.746166
1491,99.83,0.744137
1492,99.897,0.739418
1493,99.964,0.737176
1494,100.031,0.738142
1495,100.098,0.740021
1496,100.165,0.740942
1497,100.232,0.712342
1498,100.299,0.697761
1499,100.366,0.739878
1500,100.433,0.706384
1501,100.5,0.735457
1502,100.567,0.68851
1503,100.634,0.736545
1504,100.701,0.738024
1505,100.768,0.732351
1506,100.835,0.719584
1507,100.902,0.719262
1508,100.969,0.672898
1509,101.036,0.724087
1510,101.103,0.725403
1511,101.17,0.722913
1512,101.237,0.721157
1513,101.304,0.71918
1514,101.371,0.718874
1515,101.438,0.716641
1516,101.505,0.712859
1517,101.572,0.713556
1518,101.639,0.713507
1519,101.706,0.710463
1520,101.773,0.706135
1521,101.84,0.702182
1522,101.907,0.660949
1523,101.974,0.701742
1524,102.041,0.701176
1525,102.108,0.656809
1526,102.175,0.694835
1527,102.242,0.692809
1528,102.309,0.691937
1529,102.376,0.689366
1530,102.443,0.694191
1531,102.51,0.701579
1532,102.577,0.706848
1533,102.644,0.717244
1534,102.711,0.718145
1535,102.778,0.722994
1536,102.845,0.726756
1537,102.912,0.727005
1538,102.979,0.727685
1539,103.046,0.728044
1540,103.113,0.728904
1541,103.18,0.72859
1542,103.247,0.729621
1543,103.314,0.729401
1544,103.381,0.725293
1545,103.448,0.724698
1546,103.515,0.721931
1547,103.582,0.72557
1548,103.649,0.62329
1549,103.716,0.723981
1550,103.783,0.729454
1551,103.85,0.669458
1552,103.917,0.722049
1553,103.984,0.721715
1554,104.051,0.721576
1555,104.118,0.719861
1556,104.185,0.720117
1557,104.252,0.72493
1558,104.319,0.7326
1559,104.386,0.737433
1560,104.453,0.741712
1561,104.52,0.743521
1562,104.587,0.744006
1563,104.654,0.742503
1564,104.721,0.74227
1565,104.788,0.740938
1566,104.855,0.737327
1567,104.922,0.736915
1568,104.989,0.735685
1569,105.056,0.734515
1570,105.123,0.729935
1571,105.19,0.679903
1572,105.257,0.731353
1573,105.324,0.738134
1574,105.391,0.660032
1575,105.458,0.737062
1576,105.525,0.736907
1577,105.592,0.73963
1578,105.659,0.740962
1579,105.726,0.740901
1580,105.793,0.737898
1581,105.86,0.735554
1582,105.927,0.737714
1583,105.994,0.739112
1584,106.061,0.73945
1585,106.128,0.741512
1586,106.195,0.742397
1587,106.262,0.742531
1588,106.329,0.744565
1589,106.396,0.749231
1590,106.463,0.751162
1591,106.53,0.760711
1592,106.597,0.761958
1593,106.664,0.760523
1594,106.731,0.756232
1595,106.798,0.751122
1596,106.865,0.732641
1597,106.932,0.726544
1598,106.999,0.696514
1599,107.066,0.616293
1600,107.133,0.679206
1601,107.2,0.673904
1602,107.267,0.667959
1603,107.334,0.648544
1604,107.401,0.610445
1605,107.468,0.623119
1606,107.535,0.62232
1607,107.602,0.621615
1608,107.669,0.618294
1609,107.736,0.527115
1610,107.803,0.559007
1611,107.87,0.55536
1612,107.937,0.549646
1613,108.004,0.519722
1614,108.071,0.518654
1615,108.138,0.511849
1616,108.205,0.500744
1617,108.272,0.496078
1618,108.339,0.492385
1619,108.406,0.491326
1620,108.473,0.491477
1621,108.54,0.48329
1622,108.607,0.477633
1623,108.674,0.473395
1624,108.741,0.433221
1625,108.808,0.457432
1626,108.875,0.464837
1627,108.942,0.469287
1628,109.009,0.47139
1629,109.076,0.471516
1630,109.143,0.470359
1631,109.21,0.445606
1632,109.277,0.486097
1633,109.344,0.488563
1634,109.411,0.468912
1635,109.478,0.511449
1636,109.545,0.516433
1637,109.612,0.518426
1638,109.679,0.513035
1639,109.746,0.512081
1640,109.813,0.502936
1641,109.88,0.495254
1642,109.947,0.492858
1643,110.014,0.478676
1644,110.081,0.471259
1645,110.148,0.46782
1646,110.215,0.448088
1647,110.282,0.446678
1648,110.349,0.432227
1649,110.416,0.418599
1650,110.483,0.413607
1651,110.55,0.402885
1652,110.617,0.37777
1653,110.684,0.366506
1654,110.751,0.39881
1655,110.818,0.394372
1656,110.885,0.39478
1657,110.952,0.388186
1658,111.019,0.395782
1659,111.086,0.397551
1660,111.153,0.381075
1661,111.22,0.394926
1662,111.287,0.408529
1663,111.354,0.383813
1664,111.421,0.413456
1665,111.488,0.391511
1666,111.555,0.423131
1667,111.622,0.417165
1668,111.689,0.421044
1669,111.756,0.41994
1670,111.823,0.37096
1671,111.89,0.415714
1672,111.957,0.416085
1673,112.024,0.412348
1674,112.091,0.408354
1675,112.158,0.405294
1676,112.225,0.401092
1677,112.292,0.396626
1678,112.359,0.395077
1679,112.426,0.38145
1680,112.493,0.394022
1681,112.56,0.392673
1682,112.627,0.383654
1683,112.694,0.382758
1684,112.761,0.376739
1685,112.828,0.370732
1686,112.895,0.367952
1687,112.962,0.359199
1688,113.029,0.371661
1689,113.096,0.369676
1690,113.163,0.357585
1691,113.23,0.337478
1692,113.297,0.353551
1693,113.364,0.355486
1694,113.431,0.356758
1695,113.498,0.352071
1696,113.565,0.349964
1697,113.632,0.349341
1698,113.699,0.343032
1699,113.766,0.322754
1700,113.833,0.3361
1701,113.9,0.330595
1702,113.967,0.325672
1703,114.034,0.324197
1704,114.101,0.320333
1705,114.168,0.300141
1706,114.235,0.320936
1707,114.302,0.315064
1708,114.369,0.313389
1709,114.436,0.302855
1710,114.503,0.295144
1711,114.57,0.294126
1712,114.637,0.295389
1713,114.704,0.297263
1714,114.771,0.301673
1715,114.838,0.307411
1716,114.905,0.308825
1717,114.972,0.305622
1718,115.039,0.295242
1719,115.106,0.292944
1720,115.173,0.280408
1721,115.24,0.273142
1722,115.307,0.269242
1723,115.374,0.270697
1724,115.441,0.274536
1725,115.508,0.276655
1726,115.575,0.293188
1727,115.642,0.300275
1728,115.709,0.315272
1729,115.776,0.32905
1730,115.843,0.334454
1731,115.91,0.3402
1732,115.977,0.343375
1733,116.044,0.332873
1734,116.111,0.330147
1735,116.178,0.328781
1736,116.245,0.327098
1737,116.312,0.325806
1738,116.379,0.337188
1739,116.446,0.338961
1740,116.513,0.357695
1741,116.58,0.362585
1742,116.647,0.3768
1743,116.714,0.38583
1744,116.781,0.387852
1745,116.848,0.392053
1746,116.915,0.351782
1747,116.982,0.396903
1748,117.049,0.401235
1749,117.116,0.413456
1750,117.183,0.414667
1751,117.25,0.454294
1752,117.317,0.46282
1753,117.384,0.478843
1754,117.451,0.507166
1755,117.518,0.517477
1756,117.585,0.530627
1757,117.652,0.545958
1758,117.719,0.55406
1759,117.786,0.561342
1760,117.853,0.575675
1761,117.92,0.581608
1762,117.987,0.59456
1763,118.054,0.591495
1764,118.121,0.589506
1765,118.188,0.592697
1766,118.255,0.563017
1767,118.322,0.586963
1768,118.389,0.583067
1769,118.456,0.574175
1770,118.523,0.572134
1771,118.59,0.566746
1772,118.657,0.527278
1773,118.724,0.498074
1774,118.791,0.486529
1775,118.858,0.468729
1776,118.925,0.461377
1777,118.992,0.454143
1778,119.059,0.436164
1779,119.126,0.397486
1780,119.193,0.392542
1781,119.26,0.385761
1782,119.327,0.375023
1783,119.394,0.372048
1784,119.461,0.354211
1785,119.528,0.353278
1786,119.595,0.314078
1787,119.662,0.337078
1788,119.729,0.341313
1789,119.796,0.340954
1790,119.863,0.33436
1791,119.93,0.333814
1792,119.997,0.328076
1793,120.064,0.324955
1794,120.131,0.323337
1795,120.198,0.306416
1796,120.265,0.301404
1797,120.332,0.296114
1798,120.399,0.289305
1799,120.466,0.285808
1800,120.533,0.275759
1801,120.6,0.277486
1802,120.667,0.275363
1803,120.734,0.273533
1804,120.801,0.267616
1805,120.868,0.261287
1806,120.935,0.257681
1807,121.002,0.252016
1808,121.069,0.249461
1809,121.136,0.226416
1810,121.203,0.242138
1811,121.27,0.2377
1812,121.337,0.234949
1813,121.404,0.233837
1814,121.471,0.226163
1815,121.538,0.218469
1816,121.605,0.213872
1817,121.672,0.203285
1818,121.739,0.195994
1819,121.806,0.184143
1820,121.873,0.171282
1821,121.94,0.167508
1822,122.007,0.161126
1823,122.074,0.155287
1824,122.141,0.152104
1825,122.208,0.147368
1826,122.275,0.146553
1827,122.342,0.146297
1828,122.409,0.140049
1829,122.476,0.139768
1830,122.543,0.140571
1831,122.61,0.139458
1832,122.677,0.138819
1833,122.744,0.139348
1834,122.811,0.13844
1835,122.878,0.137555
1836,122.945,0.137857
1837,123.012,0.138105
1838,123.079,0.125978
1839,123.146,0.136736
1840,123.213,0.137368
1841,123.28,0.136695
1842,123.347,0.156175
1843,123.414,0.163364
1844,123.481,0.176119
1845,123.548,0.190517
1846,123.615,0.197119
1847,123.682,0.211578
1848,123.749,0.225201
1849,123.816,0.232423
1850,123.883,0.248858
1851,123.95,0.261577
1852,124.017,0.266251
1853,124.084,0.303763
1854,124.151,0.326927
1855,124.218,0.35188
1856,124.285,0.345694
1857,124.352,0.358624
1858,124.419,0.408081
1859,124.486,0.393023
1860,124.553,0.418868
1861,124.62,0.421664
1862,124.687,0.404927
1863,124.754,0.42988
1864,124.821,0.468227
1865,124.888,0.484133
1866,124.955,0.502561
1867,125.022,0.529755
1868,125.089,0.505874
1869,125.156,0.521405
1870,125.223,0.575858
1871,125.29,0.523484
1872,125.357,0.558612
1873,125.424,0.546818
1874,125.491,0.543839
1875,125.558,0.507081
1876,125.625,0.501897
1877,125.692,0.491521
1878,125.759,0.494602
1879,125.826,0.453235
1880,125.893,0.444196
1881,125.96,0.373931
1882,126.027,0.407441
1883,126.094,0.396263
1884,126.161,0.377537
1885,126.228,0.369285
1886,126.295,0.354871
1887,126.362,0.346945
1888,126.429,0.343513
1889,126.496,0.328867
1890,126.563,0.327938
1891,126.63,0.313581
1892,126.697,0.310973
1893,126.764,0.308063
1894,126.831,0.29893
1895,126.898,0.289842
1896,126.965,0.284443
1897,127.032,0.2572
1898,127.099,0.254889
1899,127.166,0.251063
1900,127.233,0.232072
1901,127.3,0.230442
1902,127.367,0.230862
1903,127.434,0.227989
1904,127.501,0.226143
1905,127.568,0.219533
1906,127.635,0.216717
1907,127.702,0.216582
1908,127.769,0.216778
1909,127.836,0.215013
1910,127.903,0.213106
1911,127.97,0.20174
1912,128.037,0.199238
1913,128.104,0.180899
1914,128.171,0.187603
1915,128.238,0.18308
1916,128.305,0.166469
1917,128.372,0.164105
1918,128.439,0.159945
1919,128.506,0.154219
1920,128.573,0.145017
1921,128.64,0.142107
1922,128.707,0.12971
1923,128.774,0.138554
1924,128.841,0.137902
1925,128.908,0.137502
1926,128.975,0.137755
1927,129.042,0.137722
1928,129.109,0.138191
1929,129.176,0.138358
1930,129.243,0.141097
1931,129.31,0.143468
1932,129.377,0.141304
1933,129.444,0.1556
1934,129.511,0.159435
1935,129.578,0.167643
1936,129.645,0.140925
1937,129.712,0.179762
1938,129.779,0.187501
1939,129.846,0.197946
1940,129.913,0.203056
1941,129.98,0.195489
1942,130.047,0.228608
1943,130.114,0.237015
1944,130.181,0.247236
1945,130.248,0.273607
1946,130.315,0.306315
1947,130.382,0.293722
1948,130.449,0.344178
1949,130.516,0.369089
1950,130.583,0.402266
1951,130.65,0.413143
1952,130.717,0.433087
1953,130.784,0.42047
1954,130.851,0.450932
1955,130.918,0.518438
1956,130.985,0.534727
1957,131.052,0.550404
1958,131.119,0.622776
1959,131.186,0.640822
1960,131.253,0.658276
1961,131.32,0.67478
1962,131.387,0.685254
1963,131.454,0.694598
1964,131.521,0.702847
1965,131.588,0.706066
1966,131.655,0.741064
1967,131.722,0.745873
1968,131.789,0.747515
1969,131.856,0.75459
1970,131.923,0.75463
1971,131.99,0.754154
1972,132.057,0.752674
1973,132.124,0.746786
1974,132.191,0.740767
1975,132.258,0.739585
1976,132.325,0.701616
1977,132.392,0.735962
1978,132.459,0.733464
1979,132.526,0.731214
1980,132.593,0.676614
1981,132.66,0.668117
1982,132.727,0.615922
1983,132.794,0.585887
1984,132.861,0.576017
1985,132.928,0.49113
1986,132.995,0.47463
1987,133.062,0.430764
1988,133.129,0.451678
1989,133.196,0.431571
1990,133.263,0.436783
1991,133.33,0.404475
1992,133.397,0.452085
1993,133.464,0.422259
1994,133.531,0.445048
1995,133.598,0.398504
1996,133.665,0.435316
1997,133.732,0.433062
1998,133.799,0.415107
1999,133.866,0.424464
2000,133.933,0.421635
2001,134,0.420971
2002,134.067,0.386242
2003,134.134,0.372174
2004,134.201,0.349732
2005,134.268,0.329975
2006,134.335,0.287479
2007,134.402,0.278489
2008,134.469,0.269038
2009,134.536,0.265444
2010,134.603,0.260843
2011,134.67,0.252432
2012,134.737,0.230678
2013,134.804,0.230711
2014,134.871,0.228315
2015,134.938,0.223926
2016,135.005,0.218241
2017,135.072,0.21584
2018,135.139,0.20877
2019,135.206,0.197905
2020,135.273,0.184693
2021,135.34,0.183279
2022,135.407,0.177484
2023,135.474,0.175402
2024,135.541,0.168882
2025,135.608,0.16858
2026,135.675,0.164215
2027,135.742,0.150555
2028,135.809,0.154965
2029,135.876,0.150641
2030,135.943,0.148607
2031,136.01,0.14754
2032,136.077,0.146374
2033,136.144,0.147242
2034,136.211,0.146293
2035,136.278,0.145343
2036,136.345,0.143387
2037,136.412,0.142095
2038,136.479,0.137669
2039,136.546,0.136793
2040,136.613,0.136691
2041,136.68,0.133557
2042,136.747,0.132836
2043,136.814,0.131483
2044,136.881,0.131548
2045,136.948,0.131605
2046,137.015,0.131438
2047,137.082,0.131239
2048,137.149,0.132832
2049,137.216,0.13187
2050,137.283,0.131854
2051,137.35,0.132555
2052,137.417,0.132543
2053,137.484,0.121132
2054,137.551,0.132262
2055,137.618,0.133138
2056,137.685,0.133464
2057,137.752,0.122342
2058,137.819,0.132339
2059,137.886,0.133146
2060,137.953,0.133651
2061,138.02,0.134083
2062,138.087,0.134617
2063,138.154,0.134548
2064,138.221,0.13432
2065,138.288,0.134112
2066,138.355,0.135033
2067,138.422,0.135061
2068,138.489,0.135367
2069,138.556,0.134197
2070,138.623,0.133146
2071,138.69,0.134063
2072,138.757,0.133985
2073,138.824,0.134641
2074,138.891,0.134813
2075,138.958,0.134976
2076,139.025,0.135668
2077,139.092,0.127575
2078,139.159,0.135298
2079,139.226,0.135758
2080,139.293,0.126621
2081,139.36,0.135501
2082,139.427,0.137718
2083,139.494,0.136691
2084,139.561,0.135375
2085,139.628,0.137445
2086,139.695,0.139674
2087,139.762,0.146146
2088,139.829,0.145323
2089,139.896,0.159297
2090,139.963,0.168026
2091,140.03,0.173621
2092,140.097,0.178193
2093,140.164,0.192742
2094,140.231,0.196296
2095,140.298,0.201479
2096,140.365,0.206284
2097,140.432,0.208102
2098,140.499,0.211696
2099,140.566,0.214483
2100,140.633,0.215759
2101,140.7,0.215633
2102,140.767,0.21395
2103,140.834,0.213183
2104,140.901,0.208244
2105,140.968,0.209512
2106,141.035,0.209658
2107,141.102,0.21203
2108,141.169,0.213375
2109,141.236,0.213183
2110,141.303,0.20985
2111,141.37,0.207344
2112,141.437,0.205298
2113,141.504,0.200403
2114,141.571,0.196552
2115,141.638,0.19555
2116,141.705,0.195358
2117,141.772,0.192987
2118,141.839,0.206549
2119,141.906,0.210771
2120,141.973,0.212474
2121,142.04,0.180749
2122,142.107,0.212238
2123,142.174,0.215355
2124,142.241,0.214597
2125,142.308,0.184066
2126,142.375,0.216655
2127,142.442,0.220478
2128,142.509,0.224492
2129,142.576,0.223339
2130,142.643,0.222886
2131,142.71,0.215967
2132,142.777,0.207291
2133,142.844,0.205673
2134,142.911,0.201377
2135,142.978,0.198871
2136,143.045,0.197457
2137,143.112,0.197147
2138,143.179,0.196622
2139,143.246,0.195167
2140,143.313,0.187664
2141,143.38,0.18594
2142,143.447,0.182949
2143,143.514,0.179106
2144,143.581,0.179192
2145,143.648,0.176078
2146,143.715,0.173128
2147,143.782,0.172419
2148,143.849,0.167834
2149,143.916,0.164456
2150,143.983,0.161281
2151,144.05,0.154952
2152,144.117,0.152874
2153,144.184,0.150457
2154,144.251,0.148016
2155,144.318,0.146297
2156,144.385,0.14584
2157,144.452,0.134589
2158,144.519,0.142397
2159,144.586,0.140852
2160,144.653,0.140388
2161,144.72,0.140286
2162,144.787,0.14509
2163,144.854,0.148742
2164,144.921,0.15534
2165,144.988,0.156542
2166,145.055,0.156493
2167,145.122,0.155189
2168,145.189,0.147279
2169,145.256,0.15203
2170,145.323,0.148954
2171,145.39,0.14787
2172,145.457,0.147507
2173,145.524,0.144341
2174,145.591,0.142258
2175,145.658,0.142221
2176,145.725,0.142482
2177,145.792,0.14245
2178,145.859,0.14344
2179,145.926,0.14203
2180,145.993,0.129825
2181,146.06,0.141378
2182,146.127,0.141097
2183,146.194,0.140396
2184,146.261,0.139687
2185,146.328,0.137763
2186,146.395,0.136944
2187,146.462,0.134833
2188,146.529,0.135245
2189,146.596,0.13099
2190,146.663,0.133447
2191,146.73,0.132783
2192,146.797,0.131764
2193,146.864,0.133855
2194,146.931,0.136247
2195,146.998,0.146916
2196,147.065,0.156705
2197,147.132,0.161526
2198,147.199,0.18548
2199,147.266,0.191259
2200,147.333,0.199458
2201,147.4,0.219386
2202,147.467,0.227019
2203,147.534,0.232969
2204,147.601,0.260965
2205,147.668,0.266834
2206,147.735,0.268635
2207,147.802,0.237997
2208,147.869,0.278061
2209,147.936,0.260529
2210,148.003,0.25658
2211,148.07,0.245508
2212,148.137,0.237704
2213,148.204,0.234044
2214,148.271,0.223934
2215,148.338,0.227789
2216,148.405,0.228527
2217,148.472,0.231819
2218,148.539,0.222128
2219,148.606,0.207629
2220,148.673,0.206716
2221,148.74,0.198724
2222,148.807,0.171946
2223,148.874,0.190953
2224,148.941,0.191691
2225,149.008,0.191149
2226,149.075,0.188406
2227,149.142,0.169093
2228,149.209,0.188459
2229,149.276,0.185989
2230,149.343,0.18125
2231,149.41,0.164729
2232,149.477,0.162296
2233,149.544,0.15699
2234,149.611,0.148774
2235,149.678,0.147597
2236,149.745,0.143631
2237,149.812,0.140412
2238,149.879,0.138684
2239,149.946,0.13956
2240,150.013,0.144141
2241,150.08,0.140632
2242,150.147,0.151452
2243,150.214,0.159288
2244,150.281,0.160984
2245,150.348,0.162003
2246,150.415,0.161542
2247,150.482,0.162614
2248,150.549,0.159749
2249,150.616,0.159623
2250,150.683,0.160967
2251,150.75,0.16219
2252,150.817,0.161982
2253,150.884,0.16025
2254,150.951,0.155356
2255,151.018,0.159521
2256,151.085,0.156289
2257,151.152,0.148273
2258,151.219,0.14617
2259,151.286,0.138725
2260,151.353,0.135958
2261,151.42,0.142865
2262,151.487,0.144764
2263,151.554,0.148685
2264,151.621,0.152683
2265,151.688,0.156631
2266,151.755,0.158225
2267,151.822,0.165165
2268,151.889,0.165458
2269,151.956,0.162545
2270,152.023,0.158074
2271,152.09,0.15666
2272,152.157,0.152287
2273,152.224,0.154504
2274,152.291,0.154276
2275,152.358,0.151847
2276,152.425,0.148008
2277,152.492,0.14593
2278,152.559,0.142307
2279,152.626,0.144662
2280,152.693,0.148717
2281,152.76,0.153987
2282,152.827,0.154895
2283,152.894,0.153033
2284,152.961,0.151293
2285,153.028,0.149137
2286,153.095,0.14203
2287,153.162,0.140086
2288,153.229,0.130452
2289,153.296,0.134992
2290,153.363,0.134694
2291,153.43,0.135436
2292,153.497,0.12696
2293,153.564,0.130273
2294,153.631,0.139063
2295,153.698,0.132384
2296,153.765,0.140563
2297,153.832,0.140249
2298,153.899,0.139426
2299,153.966,0.139185
2300,154.033,0.137062
2301,154.1,0.136989
2302,154.167,0.137474
2303,154.234,0.13782
2304,154.301,0.138541
2305,154.368,0.139026
2306,154.435,0.138908
2307,154.502,0.138594
2308,154.569,0.141223
2309,154.636,0.147079
2310,154.703,0.14992
2311,154.77,0.16556
2312,154.837,0.17041
2313,154.904,0.179567
2314,154.971,0.186955
2315,155.038,0.189445
2316,155.105,0.192082
2317,155.172,0.188414
2318,155.239,0.187273
2319,155.306,0.190207
2320,155.373,0.192029
2321,155.44,0.192885
2322,155.507,0.204935
2323,155.574,0.207327
2324,155.641,0.205542
2325,155.708,0.204051
2326,155.775,0.202938
2327,155.842,0.200481
2328,155.909,0.198773
2329,155.976,0.199279
2330,156.043,0.19771
2331,156.11,0.19965
2332,156.177,0.200513
2333,156.244,0.199002
2334,156.311,0.198419
2335,156.378,0.196418
2336,156.445,0.19002
2337,156.512,0.186523
2338,156.579,0.178022
2339,156.646,0.172598
2340,156.713,0.172178
2341,156.78,0.171319
2342,156.847,0.168454
2343,156.914,0.163555
2344,156.981,0.166225
2345,157.048,0.169391
2346,157.115,0.172121
2347,157.182,0.181661
2348,157.249,0.176869
2349,157.316,0.167598
2350,157.383,0.187497
2351,157.45,0.188263
2352,157.517,0.188459
2353,157.584,0.190786
2354,157.651,0.191634
2355,157.718,0.187033
2356,157.785,0.180154
2357,157.852,0.174835
2358,157.919,0.163783
2359,157.986,0.159806
2360,158.053,0.153473
2361,158.12,0.148391
2362,158.187,0.145363
2363,158.254,0.141199
2364,158.321,0.137612
2365,158.388,0.135126
2366,158.455,0.131247
2367,158.522,0.127824
2368,158.589,0.126589
2369,158.656,0.12462
2370,158.723,0.123797
2371,158.79,0.122778
2372,158.857,0.122709
2373,158.924,0.122697
2374,158.991,0.122534
2375,159.058,0.122505
2376,159.125,0.117436
2377,159.192,0.119608
2378,159.259,0.122652
2379,159.326,0.119828
2380,159.393,0.12209
2381,159.46,0.122143
2382,159.527,0.121931
2383,159.594,0.121992
2384,159.661,0.122029
2385,159.728,0.122175
2386,159.795,0.122208
2387,159.862,0.122102
2388,159.929,0.122106
2389,159.996,0.111021
2390,160.063,0.121996
2391,160.13,0.121857
2392,160.197,0.121919
2393,160.264,0.121817
2394,160.331,0.110948
2395,160.398,0.12187
2396,160.465,0.122098
2397,160.532,0.122175
2398,160.599,0.121902
2399,160.666,0.122025
2400,160.733,0.12187
2401,160.8,0.121886
2402,160.867,0.121866
2403,160.934,0.120806
2404,161.001,0.12081
2405,161.068,0.120936
2406,161.135,0.104379
2407,161.202,0.121193
2408,161.269,0.121124
2409,161.336,0.12103
2410,161.403,0.120892
2411,161.47,0.120859
2412,161.537,0.120655
2413,161.604,0.120651
2414,161.671,0.1207
2415,161.738,0.12132
2416,161.805,0.132188
2417,161.872,0.135428
2418,161.939,0.140559
2419,162.006,0.130069
2420,162.073,0.149239
2421,162.14,0.132494
2422,162.207,0.160075
2423,162.274,0.161167
2424,162.341,0.161436
2425,162.408,0.159936
2426,162.475,0.160996
2427,162.542,0.164183
2428,162.609,0.167121
2429,162.676,0.156941
2430,162.743,0.180329
2431,162.81,0.185081
2432,162.877,0.194185
2433,162.944,0.205298
2434,163.011,0.212177
2435,163.078,0.229509
2436,163.145,0.237231
2437,163.212,0.241323
2438,163.279,0.26275
2439,163.346,0.264882
2440,163.413,0.281342
2441,163.48,0.28882
2442,163.547,0.2919
2443,163.614,0.282915
2444,163.681,0.30215
2445,163.748,0.306221
2446,163.815,0.314143
2447,163.882,0.316331
2448,163.949,0.317648
2449,164.016,0.314771
2450,164.083,0.31797
2451,164.15,0.302598
2452,164.217,0.311315
2453,164.284,0.299313
2454,164.351,0.305039
2455,164.418,0.296061
2456,164.485,0.297296
2457,164.552,0.287919
2458,164.619,0.290833
2459,164.686,0.294651
2460,164.753,0.294024
2461,164.82,0.301701
2462,164.887,0.294342
2463,164.954,0.289651
2464,165.021,0.286468
2465,165.088,0.281639
2466,165.155,0.279116
2467,165.222,0.269576
2468,165.289,0.26729
2469,165.356,0.254009
2470,165.423,0.263602
2471,165.49,0.23413
2472,165.557,0.234167
2473,165.624,0.235589
2474,165.691,0.237064
2475,165.758,0.240597
2476,165.825,0.230923
2477,165.892,0.248675
2478,165.959,0.248699
2479,166.026,0.244852
2480,166.093,0.245524
2481,166.16,0.246176
2482,166.227,0.244257
2483,166.294,0.242191
2484,166.361,0.241364
2485,166.428,0.227565
2486,166.495,0.224635
2487,166.562,0.21908
2488,166.629,0.213603
2489,166.696,0.210873
2490,166.763,0.206435
2491,166.83,0.20183
2492,166.897,0.200102
2493,166.964,0.194311
2494,167.031,0.18907
2495,167.098,0.186034
2496,167.165,0.17834
2497,167.232,0.17733
2498,167.299,0.176351
2499,167.366,0.176918
2500,167.433,0.176934
2501,167.5,0.176624
2502,167.567,0.177179
2503,167.634,0.174485
2504,167.701,0.173442
2505,167.768,0.129678
2506,167.835,0.172248
2507,167.902,0.172248
2508,167.969,0.171999
2509,168.036,0.169949
2510,168.103,0.174778
2511,168.17,0.176629
2512,168.237,0.180696
2513,168.304,0.171237
2514,168.371,0.188296
2515,168.438,0.19209
2516,168.505,0.17649
2517,168.572,0.193419
2518,168.639,0.197062
2519,168.706,0.198158
2520,168.773,0.179864
2521,168.84,0.202571
2522,168.907,0.188834
2523,168.974,0.199764
2524,169.041,0.201227
2525,169.108,0.2013
2526,169.175,0.19879
2527,169.242,0.19467
2528,169.309,0.197461
2529,169.376,0.197632
2530,169.443,0.197979
2531,169.51,0.195252
2532,169.577,0.193174
2533,169.644,0.192493
2534,169.711,0.1911
2535,169.778,0.193052
2536,169.845,0.193366
2537,169.912,0.187033
2538,169.979,0.195208
2539,170.046,0.196177
2540,170.113,0.195489
2541,170.18,0.195077
2542,170.247,0.19544
2543,170.314,0.182387
2544,170.381,0.189323
2545,170.448,0.198447
2546,170.515,0.200391
2547,170.582,0.201781
2548,170.649,0.20236
2549,170.716,0.202038
2550,170.783,0.201573
2551,170.85,0.192783
2552,170.917,0.18925
2553,170.984,0.203545
2554,171.051,0.189926
2555,171.118,0.203028
2556,171.185,0.203215
2557,171.252,0.192171
2558,171.319,0.192322
2559,171.386,0.203945
2560,171.453,0.2037
2561,171.52,0.203823
2562,171.587,0.20236
2563,171.654,0.198639
2564,171.721,0.201357
2565,171.788,0.199654
2566,171.855,0.199743
2567,171.922,0.19934
2568,171.989,0.200387
2569,172.056,0.20075
2570,172.123,0.187664
2571,172.19,0.198892
2572,172.257,0.198521
2573,172.324,0.197628
2574,172.391,0.197771
2575,172.458,0.197477
2576,172.525,0.193798
2577,172.592,0.192583
2578,172.659,0.191022
2579,172.726,0.176368
2580,172.793,0.188565
2581,172.86,0.188536
2582,172.927,0.187795
2583,172.994,0.187057
2584,173.061,0.186845
2585,173.128,0.186462
2586,173.195,0.175683
2587,173.262,0.186682
2588,173.329,0.186189
2589,173.396,0.186984
2590,173.463,0.186148
2591,173.53,0.186385
2592,173.597,0.187359
2593,173.664,0.187685
2594,173.731,0.187656
2595,173.798,0.187603
2596,173.865,0.187306
2597,173.932,0.187355
2598,173.999,0.186662
2599,174.066,0.186984
2600,174.133,0.187037
2601,174.2,0.186417
2602,174.267,0.186108
2603,174.334,0.18557
2604,174.401,0.184979
2605,174.468,0.184877
2606,174.535,0.184543
2607,174.602,0.184518
2608,174.669,0.184327
2609,174.736,0.183858
2610,174.803,0.18515
2611,174.87,0.185019
2612,174.937,0.184221
2613,175.004,0.183601
2614,175.071,0.172716
2615,175.138,0.181906
2616,175.205,0.181755
2617,175.272,0.17259
2618,175.339,0.182513
2619,175.406,0.183149
2620,175.473,0.183858
2621,175.54,0.184726
2622,175.607,0.187135
2623,175.674,0.189767
2624,175.741,0.191202
2625,175.808,0.194515
2626,175.875,0.196899
2627,175.942,0.188903
2628,176.009,0.196638
2629,176.076,0.194759
2630,176.143,0.193366
2631,176.21,0.191267
2632,176.277,0.188634
2633,176.344,0.186434
2634,176.411,0.185011
2635,176.478,0.18442

