density,time
0.180213,0
0.178676,0.0667
0.179761,0.1334
0.180654,0.2001
0.182937,0.2668
0.183541,0.3335
0.184813,0.4002
0.189866,0.4669
0.192176,0.5336
0.195192,0.6003
0.199406,0.667
0.20197,0.7337
0.2052,0.8004
0.206016,0.8671
0.205364,0.9338
0.205368,1.0005
0.20369,1.0672
0.202734,1.1339
0.198333,1.2006
0.193881,1.2673
0.194385,1.334
0.193795,1.4007
0.194556,1.4674
0.195364,1.5341
0.192687,1.6008
0.194131,1.6675
0.197639,1.7342
0.202094,1.8009
0.204014,1.8676
0.206582,1.9343
0.208466,2.001
0.208981,2.0677
0.210249,2.1344
0.210624,2.2011
0.211322,2.2678
0.211299,2.3345
0.210078,2.4012
0.208782,2.4679
0.209137,2.5346
0.209364,2.6013
0.208435,2.668
0.209001,2.7347
0.208689,2.8014
0.208899,2.8681
0.207054,2.9348
0.206429,3.0015
0.205899,3.0682
0.205454,3.1349
0.206554,3.2016
0.207623,3.2683
0.208895,3.335
0.209754,3.4017
0.210308,3.4684
0.210362,3.5351
0.212017,3.6018
0.212348,3.6685
0.212754,3.7352
0.215006,3.8019
0.215283,3.8686
0.21183,3.9353
0.210874,4.002
0.210121,4.0687
0.208868,4.1354
0.206242,4.2021
0.205801,4.2688
0.201962,4.3355
0.201505,4.4022
0.201338,4.4689
0.200694,4.5356
0.201189,4.6023
0.199231,4.669
0.19824,4.7357
0.198532,4.8024
0.199262,4.8691
0.201314,4.9358
0.202387,5.0025
0.204603,5.0692
0.207826,5.1359
0.211428,5.2026
0.218958,5.2693
0.227238,5.336
0.231093,5.4027
0.237691,5.4694
0.244,5.5361
0.256856,5.6028
0.262655,5.6695
0.266084,5.7362
0.270423,5.8029
0.276393,5.8696
0.27953,5.9363
0.282047,6.003
0.282921,6.0697
0.284836,6.1364
0.282082,6.2031
0.28127,6.2698
0.2777,6.3365
0.272667,6.4032
0.271898,6.4699
0.265776,6.5366
0.262826,6.6033
0.260907,6.67
0.255491,6.7367
0.2537,6.8034
0.254355,6.8701
0.251214,6.9368
0.253033,7.0035
0.257262,7.0702
0.260473,7.1369
0.261718,7.2036
0.265495,7.2703
0.268074,7.337
0.264535,7.4037
0.268023,7.4704
0.271617,7.5371
0.272397,7.6038
0.274575,7.6705
0.277361,7.7372
0.276623,7.8039
0.275261,7.8706
0.274301,7.9373
0.274434,8.004
0.277165,8.0707
0.277048,8.1374
0.276198,8.2041
0.273911,8.2708
0.273763,8.3375
0.271722,8.4042
0.269331,8.4709
0.265261,8.5376
0.261784,8.6043
0.261176,8.671
0.258901,8.7377
0.258952,8.8044
0.258827,8.8711
0.256786,8.9378
0.257332,9.0045
0.257169,9.0712
0.256443,9.1379
0.256201,9.2046
0.252198,9.2713
0.249583,9.338
0.248612,9.4047
0.246333,9.4714
0.244355,9.5381
0.243481,9.6048
0.241596,9.6715
0.240075,9.7382
0.23954,9.8049
0.238682,9.8716
0.239095,9.9383
0.23805,10.005
0.237016,10.0717
0.237187,10.1384
0.236825,10.2051
0.23691,10.2718
0.236867,10.3385
0.236914,10.4052
0.23789,10.4719
0.238307,10.5386
0.238569,10.6053
0.239283,10.672
0.239911,10.7387
0.240469,10.8054
0.240297,10.8721
0.239084,10.9388
0.238155,11.0055
0.238245,11.0722
0.238112,11.1389
0.238202,11.2056
0.23821,11.2723
0.238709,11.339
0.238518,11.4057
0.238834,11.4724
0.239127,11.5391
0.239614,11.6058
0.239813,11.6725
0.240379,11.7392
0.240594,11.8059
0.240184,11.8726
0.240176,11.9393
0.238811,12.006
0.23901,12.0727
0.23938,12.1394
0.239388,12.2061
0.239681,12.2728
0.239486,12.3395
0.239283,12.4062
0.239275,12.4729
0.239275,12.5396
0.239216,12.6063
0.238947,12.673
0.238889,12.7397
0.239099,12.8064
0.238787,12.8731
0.238631,12.9398
0.238643,13.0065
0.238873,13.0732
0.238034,13.1399
0.238015,13.2066
0.237843,13.2733
0.237722,13.34
0.237663,13.4067
0.237691,13.4734
0.238518,13.5401
0.238459,13.6068
0.238413,13.6735
0.238054,13.7402
0.237816,13.8069
0.23778,13.8736
0.237929,13.9403
0.237831,14.007
0.237714,14.0737
0.237425,14.1404
0.237406,14.2071
0.237472,14.2738
0.237792,14.3405
0.237804,14.4072
0.237671,14.4739
0.237226,14.5406
0.23599,14.6073
0.236009,14.674
0.235943,14.7407
0.235217,14.8074
0.233352,14.8741
0.233063,14.9408
0.233063,15.0075
0.233301,15.0742
0.234222,15.1409
0.234366,15.2076
0.23517,15.2743
0.23581,15.341
0.236173,15.4077
0.235947,15.4744
0.23519,15.5411
0.235264,15.6078
0.235186,15.6745
0.23567,15.7412
0.235299,15.8079
0.235498,15.8746
0.235908,15.9413
0.235693,16.008
0.236056,16.0747
0.235689,16.1414
0.235978,16.2081
0.235568,16.2748
0.235416,16.3415
0.235615,16.4082
0.235576,16.4749
0.235545,16.5416
0.234085,16.6083
0.233606,16.675
0.233504,16.7417
0.233664,16.8084
0.233137,16.8751
0.233063,16.9418
0.236782,17.0085
0.239712,17.0752
0.240921,17.1419
0.243118,17.2086
0.246037,17.2753
0.247,17.342
0.24924,17.4087
0.252026,17.4754
0.252447,17.5421
0.254375,17.6088
0.255487,17.6755
0.254168,17.7422
0.253462,17.8089
0.253048,17.8756
0.252416,17.9423
0.251413,18.009
0.250922,18.0757
0.249646,18.1424
0.249158,18.2091
0.247633,18.2758
0.246474,18.3425
0.245373,18.4092
0.243446,18.4759
0.24249,18.5426
0.241858,18.6093
0.242264,18.676
0.242459,18.7427
0.242139,18.8094
0.242619,18.8761
0.243395,18.9428
0.243454,19.0095
0.243762,19.0762
0.243227,19.1429
0.242006,19.2096
0.241288,19.2763
0.240715,19.343
0.240223,19.4097
0.239259,19.4764
0.238768,19.5431
0.237574,19.6098
0.237098,19.6765
0.237297,19.7432
0.236134,19.8099
0.236228,19.8766
0.236048,19.9433
0.235837,20.01
0.236216,20.0767
0.236235,20.1434
0.236251,20.2101
0.236126,20.2768
0.236165,20.3435
0.235779,20.4102
0.235705,20.4769
0.235814,20.5436
0.2359,20.6103
0.235978,20.677
0.236064,20.7437
0.236157,20.8104
0.236657,20.8771
0.238374,20.9438
0.239618,21.0105
0.24247,21.0772
0.244519,21.1439
0.244445,21.2106
0.247305,21.2773
0.249837,21.344
0.250617,21.4107
0.252007,21.4774
0.252748,21.5441
0.252748,21.6108
0.252502,21.6775
0.25233,21.7442
0.252139,21.8109
0.252557,21.8776
0.252338,21.9443
0.251979,22.011
0.251374,22.0777
0.251378,22.1444
0.250668,22.2111
0.249404,22.2778
0.248604,22.3445
0.248401,22.4112
0.247726,22.4779
0.247512,22.5446
0.247129,22.6113
0.246985,22.678
0.245366,22.7447
0.245483,22.8114
0.245709,22.8781
0.245295,22.9448
0.245151,23.0115
0.245159,23.0782
0.245557,23.1449
0.24551,23.2116
0.24528,23.2783
0.245639,23.345
0.245721,23.4117
0.246567,23.4784
0.247258,23.5451
0.248015,23.6118
0.249377,23.6785
0.251289,23.7452
0.254535,23.8119
0.256474,23.8786
0.258097,23.9453
0.259736,24.012
0.261714,24.0787
0.262577,24.1454
0.263384,24.2121
0.261929,24.2788
0.262939,24.3455
0.262561,24.4122
0.263248,24.4789
0.263045,24.5456
0.26317,24.6123
0.263326,24.679
0.26395,24.7457
0.265792,24.8124
0.267028,24.8791
0.270146,24.9458
0.274567,25.0125
0.276611,25.0792
0.280872,25.1459
0.285691,25.2126
0.288305,25.2793
0.293097,25.346
0.298563,25.4127
0.305692,25.4794
0.310077,25.5461
0.312009,25.6128
0.316734,25.6795
0.321193,25.7462
0.322465,25.8129
0.326531,25.8796
0.331096,25.9463
0.333012,26.013
0.339431,26.0797
0.345896,26.1464
0.354238,26.2131
0.360528,26.2798
0.36244,26.3465
0.367102,26.4132
0.371051,26.4799
0.373017,26.5466
0.377559,26.6133
0.382296,26.68
0.38676,26.7467
0.388929,26.8134
0.389698,26.8801
0.392366,26.9468
0.394809,27.0135
0.396225,27.0802
0.398758,27.1469
0.400104,27.2136
0.401196,27.2803
0.404552,27.347
0.406382,27.4137
0.411021,27.4804
0.414103,27.5471
0.414603,27.6138
0.417525,27.6805
0.420413,27.7472
0.421552,27.8139
0.424463,27.8806
0.426691,27.9473
0.427565,28.014
0.428891,28.0807
0.430983,28.1474
0.431502,28.2141
0.432973,28.2808
0.434935,28.3475
0.43808,28.4142
0.43968,28.4809
0.44046,28.5476
0.442095,28.6143
0.442294,28.681
0.442805,28.7477
0.443777,28.8144
0.447058,28.8811
0.447304,28.9478
0.447257,29.0145
0.447366,29.0812
0.447679,29.1479
0.447222,29.2146
0.446859,29.2813
0.447772,29.348
0.447331,29.4147
0.447327,29.4814
0.447031,29.5481
0.446965,29.6148
0.446551,29.6815
0.44661,29.7482
0.446184,29.8149
0.446504,29.8816
0.445954,29.9483
0.446024,30.015
0.445611,30.0817
0.445751,30.1484
0.445462,30.2151
0.446184,30.2818
0.446005,30.3485
0.443984,30.4152
0.443699,30.4819
0.444425,30.5486
0.44316,30.6153
0.444218,30.682
0.444787,30.7487
0.446137,30.8154
0.446824,30.8821
0.447132,30.9488
0.447296,31.0155
0.446828,31.0822
0.446957,31.1489
0.447339,31.2156
0.44769,31.2823
0.448393,31.349
0.448693,31.4157
0.448623,31.4824
0.449805,31.5491
0.452049,31.6158
0.453426,31.6825
0.458444,31.7492
0.466708,31.8159
0.470255,31.8826
0.492557,31.9493
0.494496,32.016
0.500782,32.0827
0.507603,32.1494
0.510217,32.2161
0.512035,32.2828
0.512917,32.3495
0.514536,32.4162
0.515297,32.4829
0.516054,32.5496
0.517088,32.6163
0.517092,32.683
0.5155,32.7497
0.515949,32.8164
0.516799,32.8831
0.516382,32.9498
0.516581,33.0165
0.516249,33.0832
0.516323,33.1499
0.516101,33.2166
0.51779,33.2833
0.517829,33.35
0.51813,33.4167
0.524669,33.4834
0.52479,33.5501
0.524474,33.6168
0.524974,33.6835
0.523428,33.7502
0.522172,33.8169
0.522289,33.8836
0.521279,33.9503
0.520592,34.017
0.520826,34.0837
0.520092,34.1504
0.519991,34.2171
0.519983,34.2838
0.520533,34.3505
0.52083,34.4172
0.521158,34.4839
0.521657,34.5506
0.520814,34.6173
0.52122,34.684
0.520311,34.7507
0.520319,34.8174
0.518134,34.8841
0.518181,34.9508
0.515227,35.0175
0.515465,35.0842
0.516202,35.1509
0.516187,35.2176
0.516421,35.2843
0.516464,35.351
0.516038,35.4177
0.51614,35.4844
0.516608,35.5511
0.517291,35.6178
0.517287,35.6845
0.518036,35.7512
0.518223,35.8179
0.51861,35.8846
0.519452,35.9513
0.519819,36.018
0.520678,36.0847
0.523058,36.1514
0.524579,36.2181
0.525375,36.2848
0.526714,36.3515
0.530151,36.4182
0.531474,36.4849
0.542789,36.5516
0.54714,36.6183
0.550386,36.685
0.556196,36.7517
0.55792,36.8184
0.562287,36.8851
0.564366,36.9518
0.56551,37.0185
0.567355,37.0852
0.56865,37.1519
0.569333,37.2186
0.572927,37.2853
0.580208,37.352
0.582104,37.4187
0.584917,37.4854
0.586731,37.5521
0.588561,37.6188
0.589529,37.6855
0.589447,37.7522
0.589884,37.8189
0.590446,37.8856
0.590586,37.9523
0.590633,38.019
0.598546,38.0857
0.598133,38.1524
0.597692,38.2191
0.59729,38.2858
0.596736,38.3525
0.596681,38.4192
0.596537,38.4859
0.59647,38.5526
0.596662,38.6193
0.596997,38.686
0.598394,38.7527
0.598815,38.8194
0.600782,38.8861
0.601601,38.9528
0.601812,39.0195
0.602979,39.0862
0.603423,39.1529
0.606635,39.2196
0.607368,39.2863
0.60786,39.353
0.608355,39.4197
0.607232,39.4864
0.607996,39.5531
0.617521,39.6198
0.61795,39.6865
0.61731,39.7532
0.617872,39.8199
0.617876,39.8866
0.617447,39.9533
0.616838,40.02
0.61612,40.0867
0.616748,40.1534
0.621106,40.2201
0.621883,40.2868
0.621543,40.3535
0.621614,40.4202
0.621266,40.4869
0.620806,40.5536
0.619979,40.6203
0.618617,40.687
0.617341,40.7537
0.615308,40.8204
0.615375,40.8871
0.614992,40.9538
0.614427,41.0205
0.613849,41.0872
0.609846,41.1539
0.608738,41.2206
0.609335,41.2873
0.608628,41.354
0.608492,41.4207
0.607961,41.4874
0.607462,41.5541
0.608121,41.6208
0.60992,41.6875
0.610591,41.7542
0.61086,41.8209
0.610232,41.8876
0.610189,41.9543
0.609698,42.021
0.609526,42.0877
0.607353,42.1544
0.60633,42.2211
0.606155,42.2878
0.605593,42.3545
0.603868,42.4212
0.603494,42.4879
0.603661,42.5546
0.603416,42.6213
0.607076,42.688
0.606436,42.7547
0.606717,42.8214
0.605168,42.8881
0.604656,42.9548
0.605203,43.0215
0.606564,43.0882
0.606104,43.1549
0.6077,43.2216
0.60784,43.2883
0.60951,43.355
0.611048,43.4217
0.611165,43.4884
0.611691,43.5551
0.617458,43.6218
0.622851,43.6885
0.624017,43.7552
0.62612,43.8219
0.626963,43.8886
0.631263,43.9553
0.632188,44.022
0.633666,44.0887
0.635134,44.1554
0.654888,44.2221
0.654467,44.2888
0.65467,44.3555
0.654568,44.4222
0.654955,44.4889
0.656254,44.5556
0.656133,44.6223
0.65602,44.689
0.655669,44.7557
0.656024,44.8224
0.656379,44.8891
0.656722,44.9558
0.658915,45.0225
0.660308,45.0892
0.66112,45.1559
0.662552,45.2226
0.66334,45.2893
0.664822,45.356
0.66764,45.4227
0.668475,45.4894
0.669095,45.5561
0.670605,45.6228
0.670285,45.6895
0.681214,45.7562
0.682779,45.8229
0.684925,45.8896
0.68686,45.9563
0.68798,46.023
0.690145,46.0897
0.691039,46.1564
0.691222,46.2231
0.691636,46.2898
0.692182,46.3565
0.692123,46.4232
0.692638,46.4899
0.693083,46.5566
0.693048,46.6233
0.693243,46.69
0.693649,46.7567
0.694535,46.8234
0.695046,46.8901
0.694792,46.9568
0.694816,47.0235
0.694987,47.0902
0.695335,47.1569
0.69553,47.2236
0.703037,47.2903
0.703485,47.357
0.704043,47.4237
0.703938,47.4904
0.703681,47.5571
0.703396,47.6238
0.703368,47.6905
0.703314,47.7572
0.703684,47.8239
0.70338,47.8906
0.703017,47.9573
0.702163,48.024
0.702506,48.0907
0.704637,48.1574
0.703501,48.2241
0.702857,48.2908
0.701886,48.3575
0.70139,48.4242
0.701269,48.4909
0.701948,48.5576
0.701125,48.6243
0.700887,48.691
0.700376,48.7577
0.696509,48.8244
0.696708,48.8911
0.697886,48.9578
0.697055,49.0245
0.696692,49.0912
0.694781,49.1579
0.693196,49.2246
0.691597,49.2913
0.689419,49.358
0.689205,49.4247
0.689716,49.4914
0.689513,49.5581
0.689439,49.6248
0.687835,49.6915
0.687921,49.7582
0.690469,49.8249
0.693743,49.8916
0.699275,49.9583
0.701269,50.025
0.701589,50.0917
0.702416,50.1584
0.70228,50.2251
0.702475,50.2918
0.711828,50.3585
0.711305,50.4252
0.711578,50.4919
0.714184,50.5586
0.714621,50.6253
0.715616,50.692
0.717103,50.7587
0.717665,50.8254
0.717836,50.8921
0.718433,50.9588
0.718878,51.0255
0.718882,51.0922
0.719502,51.1589
0.720096,51.2256
0.720119,51.2923
0.720322,51.359
0.720131,51.4257
0.719951,51.4924
0.719932,51.5591
0.719729,51.6258
0.719791,51.6925
0.719737,51.7592
0.719651,51.8259
0.720369,51.8926
0.720283,51.9593
0.720599,52.026
0.720755,52.0927
0.720349,52.1594
0.720517,52.2261
0.720334,52.2928
0.720248,52.3595
0.72008,52.4262
0.720271,52.4929
0.719975,52.5596
0.719893,52.6263
0.719936,52.693
0.719764,52.7597
0.719698,52.8264
0.719413,52.8931
0.719151,52.9598
0.719038,53.0265
0.71855,53.0932
0.718543,53.1599
0.718578,53.2266
0.718348,53.2933
0.718269,53.36
0.717992,53.4267
0.718016,53.4934
0.718141,53.5601
0.718035,53.6268
0.717977,53.6935
0.717911,53.7602
0.717618,53.8269
0.71754,53.8936
0.71747,53.9603
0.717481,54.027
0.71736,54.0937
0.717485,54.1604
0.717466,54.2271
0.717481,54.2938
0.717481,54.3605
0.717501,54.4272
0.717497,54.4939
0.717497,54.5606
0.717497,54.6273
0.717497,54.694
0.717497,54.7607
0.718285,54.8274
0.718363,54.8941
0.720603,54.9608
0.7207,55.0275
0.720845,55.0942
0.721094,55.1609
0.721563,55.2276
0.721547,55.2943
0.721504,55.361
0.721863,55.4277
0.721941,55.4944
0.722152,55.5611
0.722366,55.6278
0.722405,55.6945
0.722417,55.7612
0.722308,55.8279
0.722128,55.8946
0.72207,55.9613
0.722027,56.028
0.721929,56.0947
0.721789,56.1614
0.722011,56.2281
0.722043,56.2948
0.721668,56.3615
0.720903,56.4282
0.720014,56.4949
0.719916,56.5616
0.71999,56.6283
0.719928,56.695
0.719928,56.7617
0.719963,56.8284
0.720092,56.8951
0.72001,56.9618
0.719955,57.0285
0.71976,57.0952
0.719229,57.1619
0.719116,57.2286
0.719495,57.2953
0.719495,57.362
0.719385,57.4287
0.719381,57.4954
0.7196,57.5621
0.719366,57.6288
0.719136,57.6955
0.718761,57.7622
0.718902,57.8289
0.718632,57.8956
0.718367,57.9623
0.718199,58.029
0.718059,58.0957
0.717762,58.1624
0.717665,58.2291
0.717594,58.2958
0.717384,58.3625
0.717501,58.4292
0.717591,58.4959
0.717754,58.5626
0.717758,58.6293
0.718558,58.696
0.718601,58.7627
0.718898,58.8294
0.71855,58.8961
0.718195,58.9628
0.717992,59.0295
0.717555,59.0962
0.717411,59.1629
0.717333,59.2296
0.71745,59.2963
0.717356,59.363
0.717193,59.4297
0.717052,59.4964
0.716931,59.5631
0.71697,59.6298
0.716502,59.6965
0.716506,59.7632
0.715718,59.8299
0.715823,59.8966
0.716092,59.9633
0.715526,60.03
0.715214,60.0967
0.71505,60.1634
0.712943,60.2301
0.712963,60.2968
0.713775,60.3635
0.714383,60.4302
0.714699,60.4969
0.71537,60.5636
0.715577,60.6303
0.715761,60.697
0.715519,60.7637
0.715441,60.8304
0.7153,60.8971
0.714953,60.9638
0.714972,61.0305
0.71516,61.0972
0.715117,61.1639
0.714941,61.2306
0.714707,61.2973
0.714871,61.364
0.715472,61.4307
0.715944,61.4974
0.715999,61.5641
0.71601,61.6308
0.716084,61.6975
0.714918,61.7642
0.715043,61.8309
0.715121,61.8976
0.715253,61.9643
0.715273,62.031
0.714122,62.0977
0.713634,62.1644
0.713841,62.2311
0.713728,62.2978
0.713369,62.3645
0.713103,62.4312
0.713119,62.4979
0.71292,62.5646
0.713291,62.6313
0.71292,62.698
0.713244,62.7647
0.712741,62.8314
0.712799,62.8981
0.712819,62.9648
0.712819,63.0315
0.713326,63.0982
0.713174,63.1649
0.712963,63.2316
0.71276,63.2983
0.71269,63.365
0.712721,63.4317
0.712561,63.4984
0.71251,63.5651
0.713498,63.6318
0.713572,63.6985
0.713654,63.7652
0.713755,63.8319
0.713755,63.8986
0.713509,63.9653
0.713677,64.032
0.713724,64.0987
0.713857,64.1654
0.713919,64.2321
0.713825,64.2988
0.714044,64.3655
0.71418,64.4322
0.714524,64.4989
0.714543,64.5656
0.71459,64.6323
0.714652,64.699
0.714746,64.7657
0.714957,64.8324
0.714855,64.8991
0.715093,64.9658
0.715288,65.0325
0.715495,65.0992
0.714844,65.1659
0.714695,65.2326
0.714649,65.2993
0.714574,65.366
0.714574,65.4327
0.714336,65.4994
0.714559,65.5661
0.714262,65.6328
0.714247,65.6995
0.71411,65.7662
0.71427,65.8329
0.71418,65.8996
0.714254,65.9663
0.714188,66.033
0.714403,66.0997
0.714422,66.1664
0.714582,66.2331
0.714465,66.2998
0.714145,66.3665
0.714493,66.4332
0.714832,66.4999
0.714836,66.5666
0.714879,66.6333
0.712791,66.7
0.712077,66.7667
0.711937,66.8334
0.711917,66.9001
0.711984,66.9668
0.712323,67.0335
0.712237,67.1002
0.712428,67.1669
0.712425,67.2336
0.712752,67.3003
0.712791,67.367
0.713045,67.4337
0.71347,67.5004
0.71347,67.5671
0.713302,67.6338
0.713201,67.7005
0.712983,67.7672
0.713041,67.8339
0.713018,67.9006
0.712975,67.9673
0.712616,68.034
0.712565,68.1007
0.712647,68.1674
0.714485,68.2341
0.714169,68.3008
0.714407,68.3675
0.715019,68.4342
0.715347,68.5009
0.714309,68.5676
0.714219,68.6343
0.714208,68.701
0.714649,68.7677
0.714816,68.8344
0.714785,68.9011
0.714965,68.9678
0.71461,69.0345
0.713521,69.1012
0.713267,69.1679
0.713423,69.2346
0.711839,69.3013
0.711059,69.368
0.710883,69.4347
0.710357,69.5014
0.710345,69.5681
0.70976,69.6348
0.70983,69.7015
0.709022,69.7682
0.708866,69.8349
0.708398,69.9016
0.707672,69.9683
0.707645,70.035
0.707442,70.1017
0.708265,70.1684
0.707071,70.2351
0.706662,70.3018
0.706837,70.3685
0.706392,70.4352
0.706584,70.5019
0.707239,70.5686
0.70768,70.6353
0.708055,70.702
0.708589,70.7687
0.709287,70.8354
0.70949,70.9021
0.709713,70.9688
0.70917,71.0355
0.709373,71.1022
0.706708,71.1689
0.70512,71.2356
0.695822,71.3023
0.696451,71.369
0.695748,71.4357
0.695939,71.5024
0.699611,71.5691
0.70052,71.6358
0.701983,71.7025
0.702171,71.7692
0.703415,71.8359
0.705226,71.9026
0.706779,71.9693
0.70688,72.036
0.708023,72.1027
0.708882,72.1694
0.708968,72.2361
0.709225,72.3028
0.709284,72.3695
0.709845,72.4362
0.710025,72.5029
0.709939,72.5696
0.710091,72.6363
0.709943,72.703
0.710333,72.7697
0.712241,72.8364
0.712647,72.9031
0.712916,72.9698
0.71285,73.0365
0.712936,73.1032
0.712901,73.1699
0.713326,73.2366
0.713154,73.3033
0.713903,73.37
0.713697,73.4367
0.713888,73.5034
0.714282,73.5701
0.714512,73.6368
0.714469,73.7035
0.714418,73.7702
0.714844,73.8369
0.715195,73.9036
0.715288,73.9703
0.714816,74.037
0.71459,74.1037
0.714204,74.1704
0.714489,74.2371
0.714387,74.3038
0.71569,74.3705
0.715792,74.4372
0.715203,74.5039
0.714785,74.5706
0.714176,74.6373
0.713217,74.704
0.713455,74.7707
0.713057,74.8374
0.713061,74.9041
0.712764,74.9708
0.712721,75.0375
0.712873,75.1042
0.712425,75.1709
0.712229,75.2376
0.711906,75.3043
0.711894,75.371
0.711558,75.4377
0.71118,75.5044
0.71118,75.5711
0.710844,75.6378
0.710411,75.7045
0.710345,75.7712
0.710368,75.8379
0.70917,75.9046
0.708975,75.9713
0.709221,76.038
0.70926,76.1047
0.7091,76.1714
0.708733,76.2381
0.708257,76.3048
0.708304,76.3715
0.708991,76.4382
0.709791,76.5049
0.710243,76.5716
0.71084,76.6383
0.711535,76.705
0.711874,76.7717
0.711668,76.8384
0.711469,76.9051
0.712077,76.9718
0.712791,77.0385
0.712389,77.1052
0.711746,77.1719
0.71219,77.2386
0.711925,77.3053
0.711742,77.372
0.7115,77.4387
0.711246,77.5054
0.711812,77.5721
0.712183,77.6388
0.712023,77.7055
0.712588,77.7722
0.712171,77.8389
0.711695,77.9056
0.711956,77.9723
0.71191,78.039
0.712491,78.1057
0.711949,78.1724
0.711863,78.2391
0.710965,78.3058
0.710719,78.3725
0.710353,78.4392
0.710037,78.5059
0.710197,78.5726
0.710228,78.6393
0.710009,78.706
0.710755,78.7727
0.710688,78.8394
0.710458,78.9061
0.708402,78.9728
0.708667,79.0395
0.708332,79.1062
0.707957,79.1729
0.707797,79.2396
0.707633,79.3063
0.707235,79.373
0.707824,79.4397
0.708012,79.5064
0.707278,79.5731
0.706978,79.6398
0.706806,79.7065
0.706744,79.7732
0.705951,79.8399
0.706502,79.9066
0.706271,79.9733
0.706147,80.04
0.706396,80.1067
0.706505,80.1734
0.70656,80.2401
0.706287,80.3068
0.706353,80.3735
0.705827,80.4402
0.705222,80.5069
0.705226,80.5736
0.705124,80.6403
0.705639,80.707
0.705561,80.7737
0.705436,80.8404
0.705308,80.9071
0.705916,80.9738
0.705936,81.0405
0.706209,81.1072
0.706513,81.1739
0.707138,81.2406
0.707602,81.3073
0.70711,81.374
0.706833,81.4407
0.706435,81.5074
0.705838,81.5741
0.705772,81.6408
0.70546,81.7075
0.705429,81.7742
0.705893,81.8409
0.705834,81.9076
0.706065,81.9743
0.703513,82.041
0.704227,82.1077
0.704094,82.1744
0.704679,82.2411
0.705261,82.3078
0.70576,82.3745
0.705932,82.4412
0.705756,82.5079
0.706131,82.5746
0.705838,82.6413
0.706837,82.708
0.706361,82.7747
0.706139,82.8414
0.705905,82.9081
0.705234,82.9748
0.705237,83.0415
0.704875,83.1082
0.705191,83.1749
0.705214,83.2416
0.705577,83.3083
0.705432,83.375
0.705155,83.4417
0.705413,83.5084
0.705811,83.5751
0.705967,83.6418
0.70615,83.7085
0.706552,83.7752
0.706525,83.8419
0.706346,83.9086
0.706084,83.9753
0.705409,84.042
0.705245,84.1087
0.705152,84.1754
0.705358,84.2421
0.705436,84.3088
0.70466,84.3755
0.704356,84.4422
0.704348,84.5089
0.703201,84.5756
0.703103,84.6423
0.70338,84.709
0.705113,84.7757
0.704781,84.8424
0.70489,84.9091
0.704336,84.9758
0.704102,85.0425
0.702518,85.1092
0.702233,85.1759
0.702549,85.2426
0.70189,85.3093
0.702163,85.376
0.701628,85.4427
0.701987,85.5094
0.702334,85.5761
0.702916,85.6428
0.703954,85.7095
0.703618,85.7762
0.703724,85.8429
0.704125,85.9096
0.70427,85.9763
0.704652,86.043
0.704508,86.1097
0.704582,86.1764
0.705405,86.2431
0.705702,86.3098
0.706111,86.3765
0.70631,86.4432
0.70631,86.5099
0.706677,86.5766
0.708179,86.6433
0.708476,86.71
0.708843,86.7767
0.708995,86.8434
0.709373,86.9101
0.710017,86.9768
0.71031,87.0435
0.710794,87.1102
0.710716,87.1769
0.710805,87.2436
0.711512,87.3103
0.712288,87.377
0.712354,87.4437
0.713349,87.5104
0.713802,87.5771
0.713876,87.6438
0.714176,87.7105
0.713974,87.7772
0.714091,87.8439
0.714196,87.9106
0.714036,87.9773
0.713658,88.044
0.71315,88.1107
0.713408,88.1774
0.712951,88.2441
0.712046,88.3108
0.710907,88.3775
0.709662,88.4442
0.709631,88.5109
0.709549,88.5776
0.709732,88.6443
0.709311,88.711
0.71031,88.7777
0.712272,88.8444
0.712924,88.9111
0.713899,88.9778
0.71418,89.0445
0.713697,89.1112
0.713962,89.1779
0.71434,89.2446
0.714629,89.3113
0.716447,89.378
0.715558,89.4447
0.715023,89.5114
0.713864,89.5781
0.71411,89.6448
0.713853,89.7115
0.713513,89.7782
0.713377,89.8449
0.714297,89.9116
0.714914,89.9783
0.714418,90.045
0.71402,90.1117
0.713876,90.1784
0.713802,90.2451
0.714855,90.3118
0.715413,90.3785
0.716654,90.4452
0.718863,90.5119
0.720357,90.5786
0.723888,90.6453
0.726662,90.712
0.727536,90.7787
0.730962,90.8454
0.730826,90.9121
0.733888,90.9788
0.734193,91.0455
0.736109,91.1122
0.73541,91.1789
0.738243,91.2456
0.736631,91.3123
0.735039,91.379
0.734201,91.4457
0.734509,91.5124
0.735055,91.5791
0.735196,91.6458
0.737334,91.7125
0.741259,91.7792
0.741442,91.8459
0.743389,91.9126
0.744759,91.9793
0.746897,92.046
0.749148,92.1127
0.747108,92.1794
0.746066,92.2461
0.742714,92.3128
0.742133,92.3795
0.740244,92.4462
0.737236,92.5129
0.737349,92.5796
0.739054,92.6463
0.740393,92.713
0.741236,92.7797
0.742234,92.8464
0.743744,92.9131
0.743245,92.9798
0.742191,93.0465
0.740681,93.1132
0.740038,93.1799
0.742761,93.2466
0.741458,93.3133
0.743581,93.38
0.742812,93.4467
0.742777,93.5134
0.740518,93.5801
0.740721,93.6468
0.741622,93.7135
0.741099,93.7802
0.741555,93.8469
0.741813,93.9136
0.746483,93.9803
0.74534,94.047
0.744213,94.1137
0.744197,94.1804
0.746117,94.2471
0.745352,94.3138
0.74671,94.3805
0.746889,94.4472
0.751556,94.5139
0.754642,94.5806
0.755142,94.6473
0.757647,94.714
0.758727,94.7807
0.760643,94.8474
0.762766,94.9141
0.761283,94.9808
0.761868,95.0475
0.762364,95.1142
0.759917,95.1809
0.758423,95.2476
0.759114,95.3143
0.758747,95.381
0.757744,95.4477
0.758926,95.5144
0.760319,95.5811
0.762902,95.6478
0.762699,95.7145
0.764206,95.7812
0.761178,95.8479
0.761872,95.9146
0.762411,95.9813
0.760596,96.048
0.759777,96.1147
0.757955,96.1814
0.755723,96.2481
0.756663,96.3148
0.75474,96.3815
0.754533,96.4482
0.757186,96.5149
0.76021,96.5816
0.76293,96.6483
0.764596,96.715
0.764479,96.7817
0.765637,96.8484
0.770175,96.9151
0.769286,96.9818
0.766671,97.0485
0.766234,97.1152
0.767756,97.1819
0.771927,97.2486
0.77501,97.3153
0.780976,97.382
0.786832,97.4487
0.787039,97.5154
0.786856,97.5821
0.785997,97.6488
0.789146,97.7155
0.787257,97.7822
0.784526,97.8489
0.784893,97.9156
0.782013,97.9823
0.777838,98.049
0.775255,98.1157
0.771034,98.1824
0.762395,98.2491
0.760218,98.3158
0.754057,98.3825
0.748072,98.4492
0.745574,98.5159
0.740174,98.5826
0.74147,98.6493
0.743097,98.716
0.744111,98.7827
0.743081,98.8494
0.745711,98.9161
0.748345,98.9828
0.747794,99.0495
0.746889,99.1162
0.741598,99.1829
0.739964,99.2496
0.73861,99.3163
0.737158,99.383
0.734439,99.4497
0.729027,99.5164
0.726643,99.5831
0.72756,99.6498
0.729651,99.7165
0.730548,99.7832
0.73392,99.8499
0.73026,99.9166
0.729128,99.9833
0.723716,100.05
0.725242,100.117
0.726573,100.183
0.725968,100.25
0.727248,100.317
0.721656,100.383
0.709147,100.45
0.708932,100.517
0.708413,100.584
0.713677,100.65
0.71491,100.717
0.712499,100.784
0.71068,100.85
0.708811,100.917
0.708566,100.984
0.706576,101.05
0.70276,101.117
0.703415,101.184
0.703341,101.251
0.700489,101.317
0.696369,101.384
0.692506,101.451
0.693817,101.517
0.692006,101.584
0.691363,101.651
0.687816,101.717
0.685295,101.784
0.68336,101.851
0.68249,101.918
0.68011,101.984
0.684823,102.051
0.691921,102.118
0.69695,102.184
0.706974,102.251
0.707898,102.318
0.712479,102.384
0.716092,102.451
0.716307,102.518
0.717013,102.585
0.717372,102.651
0.718168,102.718
0.717821,102.785
0.718753,102.851
0.718461,102.918
0.714641,102.985
0.714098,103.051
0.711445,103.118
0.714965,103.185
0.714352,103.252
0.713478,103.318
0.718656,103.385
0.718999,103.452
0.711242,103.518
0.710965,103.585
0.710817,103.652
0.70919,103.718
0.709401,103.785
0.71411,103.852
0.721465,103.919
0.726046,103.985
0.730232,104.052
0.731996,104.119
0.732492,104.185
0.731103,104.252
0.730841,104.319
0.729522,104.385
0.726171,104.452
0.725765,104.519
0.724571,104.586
0.723463,104.652
0.719011,104.719
0.715807,104.786
0.720439,104.852
0.726931,104.919
0.732581,104.986
0.726311,105.052
0.726116,105.119
0.728637,105.186
0.729905,105.253
0.730006,105.319
0.727353,105.386
0.725176,105.453
0.727505,105.519
0.728812,105.586
0.72912,105.653
0.730927,105.719
0.731684,105.786
0.731813,105.853
0.733608,105.92
0.738165,105.986
0.739788,106.053
0.748856,106.12
0.749909,106.186
0.748263,106.253
0.744049,106.32
0.738337,106.386
0.719873,106.453
0.713533,106.52
0.681924,106.587
0.680496,106.653
0.665045,106.72
0.659754,106.787
0.653948,106.853
0.634345,106.92
0.63481,106.987
0.609506,107.053
0.608519,107.12
0.607177,107.187
0.603537,107.254
0.550226,107.32
0.545575,107.387
0.542251,107.454
0.536905,107.52
0.509253,107.587
0.508305,107.654
0.501672,107.72
0.490509,107.787
0.485959,107.854
0.4821,107.921
0.481024,107.987
0.481144,108.054
0.472841,108.121
0.467238,108.187
0.463138,108.254
0.448338,108.321
0.447382,108.387
0.454331,108.454
0.45874,108.521
0.460773,108.588
0.460851,108.654
0.459583,108.721
0.469646,108.788
0.474484,108.854
0.476751,108.921
0.477087,108.988
0.49825,109.054
0.503201,109.121
0.505375,109.188
0.500396,109.255
0.499545,109.321
0.490591,109.388
0.483275,109.455
0.481187,109.521
0.467543,109.588
0.461686,109.655
0.458405,109.721
0.439528,109.788
0.438221,109.855
0.424393,109.922
0.411259,109.988
0.406351,110.055
0.395894,110.122
0.391489,110.188
0.392675,110.255
0.391625,110.322
0.387423,110.388
0.387825,110.455
0.38134,110.522
0.388746,110.589
0.39054,110.655
0.400623,110.722
0.401508,110.789
0.401302,110.855
0.403674,110.922
0.406273,110.989
0.409386,111.055
0.415972,111.122
0.410245,111.189
0.414018,111.256
0.412839,111.322
0.411942,111.389
0.408372,111.456
0.408575,111.522
0.40486,111.589
0.400993,111.656
0.397993,111.722
0.393908,111.789
0.389549,111.856
0.388063,111.923
0.387716,111.989
0.387095,112.056
0.385917,112.123
0.37729,112.189
0.376264,112.256
0.37047,112.323
0.364909,112.389
0.362385,112.456
0.364843,112.523
0.366267,112.59
0.364328,112.656
0.352993,112.723
0.351433,112.79
0.3497,112.856
0.351975,112.923
0.353048,112.99
0.348323,113.056
0.346216,113.123
0.345545,113.19
0.339232,113.257
0.336571,113.323
0.332544,113.39
0.327144,113.457
0.322372,113.523
0.32092,113.59
0.31712,113.657
0.316808,113.723
0.317635,113.79
0.312009,113.857
0.310393,113.924
0.300276,113.99
0.292804,114.057
0.291852,114.124
0.293022,114.19
0.294591,114.257
0.298856,114.324
0.304556,114.39
0.305926,114.457
0.302984,114.524
0.293081,114.591
0.290954,114.657
0.279034,114.724
0.272093,114.791
0.268394,114.857
0.269721,114.924
0.273248,114.991
0.275281,115.057
0.290888,115.124
0.297627,115.191
0.3117,115.258
0.324904,115.324
0.329992,115.391
0.335416,115.458
0.338198,115.524
0.328186,115.591
0.32593,115.658
0.324533,115.724
0.323187,115.791
0.325969,115.858
0.332723,115.925
0.337234,115.991
0.352127,116.058
0.35677,116.125
0.370173,116.191
0.378691,116.258
0.380532,116.325
0.384458,116.391
0.387797,116.458
0.389116,116.525
0.393486,116.592
0.405246,116.658
0.406608,116.725
0.44492,116.792
0.453165,116.858
0.46869,116.925
0.495987,116.992
0.505827,117.058
0.518376,117.125
0.533019,117.192
0.540819,117.259
0.548256,117.325
0.561893,117.392
0.567601,117.459
0.58002,117.525
0.577059,117.592
0.575299,117.659
0.57798,117.725
0.580169,117.792
0.572556,117.859
0.568857,117.926
0.560367,117.992
0.558428,118.059
0.553285,118.126
0.515508,118.192
0.487524,118.259
0.476462,118.326
0.459486,118.392
0.452462,118.459
0.445646,118.526
0.428408,118.593
0.391352,118.659
0.386584,118.726
0.380099,118.793
0.369564,118.859
0.366739,118.926
0.349575,118.993
0.348631,119.059
0.339731,119.126
0.333234,119.193
0.337304,119.26
0.336719,119.326
0.330573,119.393
0.329984,119.46
0.324393,119.526
0.321533,119.593
0.319941,119.66
0.303405,119.726
0.298547,119.793
0.293288,119.86
0.286659,119.927
0.283084,119.993
0.278344,120.06
0.275105,120.127
0.272975,120.193
0.271188,120.26
0.267426,120.327
0.259283,120.393
0.255881,120.46
0.250446,120.527
0.248027,120.594
0.241003,120.66
0.241089,120.727
0.237047,120.794
0.23464,120.86
0.233707,120.927
0.226446,120.994
0.219177,121.06
0.214838,121.127
0.20458,121.194
0.197619,121.261
0.19337,121.327
0.173982,121.394
0.170381,121.461
0.164329,121.527
0.158761,121.594
0.155671,121.661
0.15107,121.727
0.150263,121.794
0.150056,121.861
0.143973,121.928
0.143677,121.994
0.144515,122.061
0.143556,122.128
0.143056,122.194
0.143544,122.261
0.142693,122.328
0.141878,122.394
0.142342,122.461
0.142623,122.528
0.142112,122.595
0.141242,122.661
0.141858,122.728
0.141144,122.795
0.159385,122.861
0.166241,122.928
0.178449,122.995
0.192235,123.061
0.198595,123.128
0.212426,123.195
0.225494,123.262
0.23247,123.328
0.248222,123.395
0.260384,123.462
0.264824,123.528
0.300783,123.595
0.323008,123.662
0.346953,123.728
0.36752,123.795
0.38811,123.862
0.401064,123.929
0.412078,123.995
0.411716,124.062
0.414342,124.129
0.418317,124.195
0.422153,124.262
0.458951,124.329
0.474227,124.395
0.491839,124.462
0.517966,124.529
0.529625,124.596
0.54767,124.662
0.562287,124.729
0.557304,124.796
0.545899,124.862
0.534693,124.929
0.532059,124.996
0.49715,125.062
0.492124,125.129
0.482354,125.196
0.485429,125.263
0.445775,125.329
0.437101,125.396
0.408969,125.463
0.401442,125.529
0.390642,125.596
0.372748,125.663
0.36464,125.729
0.35082,125.796
0.343188,125.863
0.340016,125.93
0.326016,125.996
0.325127,126.063
0.311209,126.13
0.308684,126.196
0.305828,126.263
0.297045,126.33
0.288352,126.396
0.28312,126.463
0.268897,126.53
0.254063,126.597
0.250383,126.663
0.231737,126.73
0.22995,126.797
0.230266,126.863
0.227398,126.93
0.225513,126.997
0.219321,127.063
0.216687,127.13
0.216562,127.197
0.216843,127.264
0.215294,127.33
0.213382,127.397
0.202438,127.464
0.200218,127.53
0.194654,127.597
0.189858,127.664
0.185625,127.73
0.175687,127.797
0.167805,127.864
0.16379,127.931
0.15839,127.997
0.149841,128.064
0.14711,128.131
0.144484,128.197
0.144164,128.264
0.143606,128.331
0.143259,128.397
0.143407,128.464
0.143349,128.531
0.143809,128.598
0.143993,128.664
0.146587,128.731
0.148511,128.798
0.150267,128.864
0.160052,128.931
0.16379,128.998
0.171625,129.064
0.179366,129.131
0.183366,129.198
0.190963,129.265
0.201072,129.331
0.206008,129.398
0.217401,129.465
0.23071,129.531
0.238752,129.598
0.267696,129.665
0.273747,129.731
0.305001,129.798
0.321139,129.865
0.341307,129.932
0.365405,129.998
0.397127,130.065
0.40756,130.132
0.426671,130.198
0.442513,130.265
0.471257,130.332
0.508332,130.398
0.524377,130.465
0.53968,130.532
0.609865,130.599
0.627459,130.665
0.644303,130.732
0.660179,130.799
0.670137,130.865
0.679158,130.932
0.687418,130.999
0.690684,131.065
0.72534,131.132
0.730014,131.199
0.731641,131.266
0.738598,131.332
0.738703,131.399
0.738344,131.466
0.736846,131.532
0.731149,131.599
0.725273,131.666
0.724064,131.732
0.723623,131.799
0.72047,131.866
0.71809,131.933
0.715897,131.999
0.663422,132.066
0.655107,132.133
0.605051,132.199
0.5762,132.266
0.566469,132.333
0.508738,132.399
0.468959,132.466
0.462646,132.533
0.446863,132.6
0.426265,132.666
0.431365,132.733
0.445369,132.8
0.445966,132.866
0.442302,132.933
0.439196,133
0.435989,133.066
0.429691,133.133
0.427522,133.2
0.427413,133.267
0.419324,133.333
0.416601,133.4
0.415918,133.467
0.382479,133.533
0.368881,133.6
0.347328,133.667
0.328299,133.733
0.307147,133.8
0.278274,133.867
0.2688,133.934
0.265218,134
0.260817,134.067
0.252701,134.134
0.240055,134.2
0.231951,134.267
0.22977,134.334
0.225903,134.4
0.220281,134.467
0.21794,134.534
0.211268,134.601
0.200729,134.667
0.196023,134.734
0.18694,134.801
0.18161,134.867
0.179312,134.934
0.17285,135.001
0.172421,135.067
0.167872,135.134
0.161235,135.201
0.15919,135.268
0.154961,135.334
0.152787,135.401
0.151788,135.468
0.150774,135.534
0.151664,135.601
0.150653,135.668
0.150306,135.734
0.148281,135.801
0.146981,135.868
0.142923,135.935
0.142116,136.001
0.142131,136.068
0.13908,136.135
0.138366,136.201
0.136977,136.268
0.136946,136.335
0.137137,136.401
0.137071,136.468
0.13679,136.535
0.138331,136.602
0.137839,136.668
0.137839,136.735
0.138452,136.802
0.13867,136.868
0.13748,136.935
0.138312,137.002
0.139174,137.068
0.139498,137.135
0.139829,137.202
0.138772,137.269
0.139673,137.335
0.140532,137.402
0.141066,137.469
0.141854,137.535
0.141921,137.602
0.14185,137.669
0.142217,137.735
0.14322,137.802
0.143052,137.869
0.142845,137.936
0.141289,138.002
0.140134,138.069
0.141195,138.136
0.141066,138.202
0.141827,138.269
0.142128,138.336
0.142268,138.402
0.14297,138.469
0.1426,138.536
0.143138,138.603
0.14395,138.669
0.142931,138.736
0.143282,138.803
0.1445,138.869
0.143595,138.936
0.142178,139.003
0.14418,139.069
0.146353,139.136
0.152682,139.203
0.161321,139.27
0.165332,139.336
0.173588,139.403
0.178816,139.47
0.183085,139.536
0.197572,139.603
0.201178,139.67
0.20634,139.736
0.21092,139.803
0.212544,139.87
0.215712,139.937
0.218424,140.003
0.219758,140.07
0.219672,140.137
0.218201,140.203
0.217557,140.27
0.21254,140.337
0.21364,140.403
0.213726,140.47
0.216281,140.537
0.217955,140.604
0.217971,140.67
0.214998,140.737
0.212532,140.804
0.21055,140.87
0.205489,140.937
0.201817,141.004
0.200862,141.07
0.200744,141.137
0.198579,141.204
0.212181,141.271
0.216153,141.337
0.217873,141.404
0.218669,141.471
0.217971,141.537
0.221092,141.604
0.220749,141.671
0.220776,141.737
0.2224,141.804
0.225486,141.871
0.229329,141.938
0.228127,142.004
0.227722,142.071
0.221085,142.138
0.212817,142.204
0.211256,142.271
0.207233,142.338
0.204857,142.404
0.203429,142.471
0.20314,142.538
0.202383,142.605
0.200947,142.671
0.193495,142.738
0.191532,142.805
0.18838,142.871
0.184482,142.938
0.184365,143.005
0.181087,143.071
0.178446,143.138
0.177825,143.205
0.173486,143.272
0.17026,143.338
0.167435,143.405
0.160946,143.472
0.158745,143.538
0.156533,143.605
0.154672,143.672
0.153072,143.738
0.152932,143.805
0.14974,143.872
0.149693,143.939
0.148039,144.005
0.147469,144.072
0.147192,144.139
0.151429,144.205
0.154836,144.272
0.161102,144.339
0.162027,144.405
0.161816,144.472
0.160326,144.539
0.157263,144.606
0.156876,144.672
0.153572,144.739
0.152147,144.806
0.151866,144.872
0.148191,144.939
0.14601,145.006
0.145791,145.072
0.145678,145.139
0.145549,145.206
0.146322,145.273
0.144726,145.339
0.144266,145.406
0.143786,145.473
0.143423,145.539
0.142803,145.606
0.142081,145.673
0.140134,145.739
0.139334,145.806
0.137184,145.873
0.137605,145.94
0.136259,146.006
0.136056,146.073
0.135455,146.14
0.134472,146.206
0.13645,146.273
0.138651,146.34
0.148944,146.406
0.158078,146.473
0.162706,146.54
0.1855,146.607
0.191056,146.673
0.198903,146.74
0.218018,146.807
0.225486,146.873
0.231108,146.94
0.258206,147.007
0.264083,147.073
0.270177,147.14
0.272175,147.207
0.274735,147.274
0.25807,147.34
0.254254,147.407
0.243567,147.474
0.236177,147.54
0.232704,147.607
0.223098,147.674
0.226836,147.74
0.227624,147.807
0.23089,147.874
0.221646,147.941
0.207744,148.007
0.206761,148.074
0.199043,148.141
0.19264,148.207
0.191322,148.274
0.191926,148.341
0.1914,148.407
0.188817,148.474
0.188192,148.541
0.188688,148.608
0.18623,148.674
0.181696,148.741
0.165909,148.808
0.16374,148.874
0.15921,148.941
0.153735,149.008
0.150793,149.074
0.147083,149.141
0.143801,149.208
0.142291,149.275
0.143392,149.341
0.147758,149.408
0.149599,149.475
0.154668,149.541
0.162191,149.608
0.163907,149.675
0.164836,149.741
0.164372,149.808
0.165312,149.875
0.162596,149.942
0.162511,150.008
0.163825,150.075
0.165016,150.142
0.164856,150.208
0.163334,150.275
0.163494,150.342
0.162612,150.408
0.159787,150.475
0.156502,150.542
0.150255,150.609
0.143091,150.675
0.14045,150.742
0.147157,150.809
0.148761,150.875
0.15246,150.942
0.156381,151.009
0.160205,151.075
0.161516,151.142
0.167501,151.209
0.167571,151.276
0.164216,151.342
0.159799,151.409
0.158371,151.476
0.156681,151.542
0.155952,151.609
0.155682,151.676
0.153638,151.742
0.149939,151.809
0.147883,151.876
0.144613,151.943
0.147118,152.009
0.151055,152.076
0.156377,152.143
0.157255,152.209
0.155199,152.276
0.15356,152.343
0.151699,152.409
0.145015,152.476
0.142806,152.543
0.141078,152.61
0.137898,152.676
0.137633,152.743
0.138265,152.81
0.139962,152.876
0.140801,152.943
0.141948,153.01
0.142849,153.076
0.143536,153.143
0.142799,153.21
0.142135,153.277
0.141847,153.343
0.139919,153.41
0.139825,153.477
0.140403,153.543
0.14068,153.61
0.141253,153.677
0.141597,153.743
0.141488,153.81
0.141312,153.877
0.143794,153.944
0.149408,154.01
0.152249,154.077
0.167279,154.144
0.171918,154.21
0.180966,154.277
0.188052,154.344
0.190358,154.41
0.192886,154.477
0.189297,154.544
0.188185,154.611
0.190982,154.677
0.192855,154.744
0.1936,154.811
0.20577,154.877
0.208033,154.944
0.206305,155.011
0.204935,155.077
0.203788,155.144
0.201439,155.211
0.199632,155.278
0.200136,155.344
0.198567,155.411
0.200339,155.478
0.201232,155.544
0.199851,155.611
0.199668,155.678
0.197713,155.744
0.191556,155.811
0.188087,155.878
0.17987,155.945
0.174587,156.011
0.174087,156.078
0.173264,156.145
0.170381,156.211
0.16557,156.278
0.167891,156.345
0.170821,156.411
0.173459,156.478
0.18248,156.545
0.184115,156.612
0.184946,156.678
0.187833,156.745
0.188547,156.812
0.188703,156.878
0.190853,156.945
0.191614,157.012
0.187205,157.078
0.180595,157.145
0.175234,157.212
0.164567,157.279
0.160747,157.345
0.154832,157.412
0.15015,157.479
0.147247,157.545
0.143329,157.612
0.1399,157.679
0.137551,157.745
0.133735,157.812
0.130395,157.879
0.129099,157.946
0.127004,158.012
0.126251,158.079
0.125272,158.146
0.125268,158.212
0.125303,158.279
0.125123,158.346
0.125182,158.412
0.12526,158.479
0.1254,158.546
0.125428,158.613
0.125486,158.679
0.125069,158.746
0.125127,158.813
0.124889,158.879
0.124983,158.946
0.124905,159.013
0.125123,159.079
0.125174,159.146
0.125041,159.213
0.125049,159.28
0.124811,159.346
0.124807,159.413
0.124585,159.48
0.124604,159.546
0.12455,159.613
0.124647,159.68
0.124589,159.746
0.1248,159.813
0.124839,159.88
0.124562,159.947
0.124675,160.013
0.124495,160.08
0.124511,160.147
0.124472,160.213
0.123364,160.28
0.123418,160.347
0.123629,160.413
0.123477,160.48
0.123863,160.547
0.123922,160.614
0.123777,160.68
0.123645,160.747
0.123594,160.814
0.123391,160.88
0.123446,160.947
0.123438,161.014
0.124082,161.08
0.134519,161.147
0.13757,161.214
0.142557,161.281
0.147933,161.347
0.150907,161.414
0.156884,161.481
0.161051,161.547
0.162105,161.614
0.162323,161.681
0.160911,161.747
0.161918,161.814
0.164953,161.881
0.167731,161.948
0.172971,162.014
0.180264,162.081
0.184794,162.148
0.193546,162.214
0.204198,162.281
0.210788,162.348
0.227437,162.414
0.234842,162.481
0.238729,162.548
0.259299,162.615
0.261507,162.681
0.277501,162.748
0.284809,162.815
0.287907,162.881
0.292148,162.948
0.297822,163.015
0.301805,163.081
0.309437,163.148
0.311576,163.215
0.312863,163.282
0.311096,163.348
0.314131,163.415
0.311033,163.482
0.307806,163.548
0.306242,163.615
0.301809,163.682
0.296031,163.748
0.294376,163.815
0.285449,163.882
0.288247,163.949
0.291739,164.015
0.291192,164.082
0.298629,164.149
0.29175,164.215
0.287216,164.282
0.284228,164.349
0.279717,164.415
0.277442,164.482
0.268336,164.549
0.266139,164.616
0.265468,164.682
0.262803,164.749
0.234121,164.816
0.234206,164.882
0.235592,164.949
0.237027,165.016
0.240738,165.082
0.246216,165.149
0.248729,165.216
0.248745,165.283
0.245334,165.349
0.245982,165.416
0.246599,165.483
0.244812,165.549
0.242744,165.616
0.241979,165.683
0.230028,165.749
0.22579,165.816
0.220402,165.883
0.215177,165.95
0.212571,166.016
0.208216,166.083
0.203921,166.15
0.202153,166.216
0.19646,166.283
0.191376,166.35
0.188001,166.416
0.180744,166.483
0.179796,166.55
0.178844,166.617
0.179288,166.683
0.17932,166.75
0.178945,166.817
0.179398,166.883
0.176526,166.95
0.17541,167.017
0.174864,167.083
0.173994,167.15
0.174005,167.217
0.173873,167.284
0.173931,167.35
0.176499,167.417
0.178153,167.484
0.181649,167.55
0.186218,167.617
0.188848,167.684
0.192414,167.75
0.19488,167.817
0.193846,167.884
0.196663,167.951
0.197724,168.017
0.199952,168.084
0.202079,168.151
0.202567,168.217
0.202208,168.284
0.200608,168.351
0.200647,168.417
0.198052,168.484
0.19687,168.551
0.196667,168.618
0.196722,168.684
0.197088,168.751
0.194478,168.818
0.19248,168.884
0.191844,168.951
0.190498,169.018
0.19234,169.084
0.192609,169.151
0.193803,169.218
0.194435,169.285
0.19534,169.351
0.19481,169.418
0.19442,169.485
0.194903,169.551
0.197284,169.618
0.197822,169.685
0.198626,169.751
0.20076,169.818
0.202173,169.885
0.203058,169.952
0.203355,170.018
0.203113,170.085
0.202516,170.152
0.202984,170.218
0.203312,170.285
0.201498,170.352
0.202005,170.418
0.202149,170.485
0.2025,170.552
0.202403,170.619
0.201814,170.685
0.201759,170.752
0.201981,170.819
0.200807,170.885
0.200288,170.952
0.200011,171.019
0.198392,171.085
0.198493,171.152
0.198119,171.219
0.199145,171.286
0.199492,171.352
0.198357,171.419
0.197717,171.486
0.19735,171.552
0.196488,171.619
0.196573,171.686
0.196296,171.752
0.192793,171.819
0.191599,171.886
0.1901,171.953
0.188801,172.019
0.187724,172.086
0.187681,172.153
0.186967,172.219
0.186288,172.286
0.186081,172.353
0.185715,172.419
0.185492,172.486
0.185847,172.553
0.185371,172.62
0.18614,172.686
0.185348,172.753
0.185594,172.82
0.186522,172.886
0.186831,172.953
0.186811,173.02
0.186811,173.086
0.186518,173.153
0.186569,173.22
0.185925,173.287
0.186234,173.353
0.186261,173.42
0.185641,173.487
0.185364,173.553
0.18509,173.62
0.184649,173.687
0.184509,173.753
0.184806,173.82
0.185168,173.887
0.184942,173.954
0.184006,174.02
0.184934,174.087
0.184665,174.154
0.183573,174.22
0.183167,174.287
0.181942,174.354
0.181376,174.42
0.181235,174.487
0.181512,174.554
0.181953,174.621
0.182531,174.687
0.183159,174.754
0.18399,174.821
0.1863,174.887
0.188809,174.954
0.19021,175.021
0.193378,175.087
0.195656,175.154
0.195945,175.221
0.195403,175.288
0.19362,175.354
0.192285,175.421
0.190237,175.488
0.187705,175.554
0.185613,175.621
0.184275,175.688
0.183779,175.754
